case,seed,config,oracle_kind,epsilon,success,first_hit_step,first_hit_core_proxy_work,oracle_setup_proxy_work,first_hit_costed_proxy_work,cost_status,final_gap,dimension,median_active_set,mean_active_set_fraction,fraction_full_active_set,fraction_with_pruning,fraction_half_or_less,median_zero_lower_fraction
balanced_independent,0,g3_zero,g3,,True,720,911584,0,911584,costed_zero_oracle,1.3322676295501878e-15,48,48.0,0.9995833333333334,0.9991666666666666,0.0008333333333333334,0.0004166666666666667,1.0
balanced_independent,1,g3_zero,g3,,True,480,614288,0,614288,costed_zero_oracle,0.0,48,48.0,0.9995920138888887,0.9995833333333334,0.0004166666666666667,0.0004166666666666667,1.0
balanced_independent,2,g3_zero,g3,,True,600,762936,0,762936,costed_zero_oracle,0.0,48,48.0,0.9995920138888887,0.9995833333333334,0.0004166666666666667,0.0004166666666666667,1.0
balanced_independent,3,g3_zero,g3,,True,600,762936,0,762936,costed_zero_oracle,0.0,48,48.0,0.9995920138888887,0.9995833333333334,0.0004166666666666667,0.0004166666666666667,1.0
balanced_independent,4,g3_zero,g3,,True,720,911584,0,911584,costed_zero_oracle,0.0,48,48.0,0.9995833333333334,0.9991666666666666,0.0008333333333333334,0.0004166666666666667,1.0
balanced_independent,5,g3_zero,g3,,True,600,762936,0,762936,costed_zero_oracle,4.440892098500626e-16,48,48.0,0.9995833333333334,0.9991666666666666,0.0008333333333333334,0.0004166666666666667,1.0
balanced_independent,6,g3_zero,g3,,True,600,762936,0,762936,costed_zero_oracle,0.0,48,48.0,0.9995833333333334,0.9991666666666666,0.0008333333333333334,0.0004166666666666667,1.0
balanced_independent,7,g3_zero,g3,,True,600,762936,0,762936,costed_zero_oracle,0.0,48,48.0,0.9995833333333334,0.9991666666666666,0.0008333333333333334,0.0004166666666666667,1.0
balanced_independent,8,g3_zero,g3,,True,600,762936,0,762936,costed_zero_oracle,0.0,48,48.0,0.9995920138888887,0.9995833333333334,0.0004166666666666667,0.0004166666666666667,1.0
balanced_independent,9,g3_zero,g3,,True,720,911584,0,911584,costed_zero_oracle,0.0,48,48.0,0.9995920138888887,0.9995833333333334,0.0004166666666666667,0.0004166666666666667,1.0
balanced_independent,10,g3_zero,g3,,True,720,911584,0,911584,costed_zero_oracle,0.0,48,48.0,0.9995920138888887,0.9995833333333334,0.0004166666666666667,0.0004166666666666667,1.0
balanced_independent,11,g3_zero,g3,,True,360,465640,0,465640,costed_zero_oracle,0.0,48,48.0,0.9995920138888887,0.9995833333333334,0.0004166666666666667,0.0004166666666666667,1.0
balanced_independent,0,g2_eps_1,g2,1.0,True,720,911584,,,quality_only_not_costed,8.881784197001252e-16,48,48.0,0.9995833333333334,0.9991666666666666,0.0008333333333333334,0.0004166666666666667,1.0
balanced_independent,1,g2_eps_1,g2,1.0,True,480,614288,,,quality_only_not_costed,0.0,48,48.0,0.9995659722222221,0.9983333333333333,0.0016666666666666668,0.0004166666666666667,1.0
balanced_independent,2,g2_eps_1,g2,1.0,True,600,762936,,,quality_only_not_costed,4.440892098500626e-16,48,48.0,0.9995746527777777,0.99875,0.00125,0.0004166666666666667,1.0
balanced_independent,3,g2_eps_1,g2,1.0,True,600,762936,,,quality_only_not_costed,0.0,48,48.0,0.9995833333333334,0.9991666666666666,0.0008333333333333334,0.0004166666666666667,1.0
balanced_independent,4,g2_eps_1,g2,1.0,True,720,911584,,,quality_only_not_costed,8.881784197001252e-16,48,48.0,0.9995746527777777,0.99875,0.00125,0.0004166666666666667,1.0
balanced_independent,5,g2_eps_1,g2,1.0,True,600,762936,,,quality_only_not_costed,4.440892098500626e-16,48,48.0,0.9995833333333334,0.9991666666666666,0.0008333333333333334,0.0004166666666666667,1.0
balanced_independent,6,g2_eps_1,g2,1.0,True,600,762936,,,quality_only_not_costed,4.440892098500626e-16,48,48.0,0.9995833333333334,0.9991666666666666,0.0008333333333333334,0.0004166666666666667,1.0
balanced_independent,7,g2_eps_1,g2,1.0,True,600,762936,,,quality_only_not_costed,0.0,48,48.0,0.9995833333333334,0.9991666666666666,0.0008333333333333334,0.0004166666666666667,1.0
balanced_independent,8,g2_eps_1,g2,1.0,True,600,762936,,,quality_only_not_costed,4.440892098500626e-16,48,48.0,0.9995833333333334,0.9991666666666666,0.0008333333333333334,0.0004166666666666667,1.0
balanced_independent,9,g2_eps_1,g2,1.0,True,480,614288,,,quality_only_not_costed,4.440892098500626e-16,48,48.0,0.9995833333333334,0.9991666666666666,0.0008333333333333334,0.0004166666666666667,1.0
balanced_independent,10,g2_eps_1,g2,1.0,True,720,911584,,,quality_only_not_costed,0.0,48,48.0,0.9995746527777777,0.99875,0.00125,0.0004166666666666667,1.0
balanced_independent,11,g2_eps_1,g2,1.0,True,480,614288,,,quality_only_not_costed,4.440892098500626e-16,48,48.0,0.9995833333333334,0.9991666666666666,0.0008333333333333334,0.0004166666666666667,1.0
balanced_independent,0,g2_eps_0p5,g2,0.5,False,,,,,quality_only_not_costed,14.376882624432554,48,47.0,0.9788541666666667,0.004166666666666667,0.9958333333333333,0.0004166666666666667,0.9791666666666666
balanced_independent,1,g2_eps_0p5,g2,0.5,False,,,,,quality_only_not_costed,10.71970797002469,48,47.0,0.9788802083333333,0.005416666666666667,0.9945833333333334,0.0004166666666666667,0.9791666666666666
balanced_independent,2,g2_eps_0p5,g2,0.5,False,,,,,quality_only_not_costed,24.004530333355305,48,47.0,0.9787847222222221,0.0008333333333333334,0.9991666666666666,0.0004166666666666667,0.9791666666666666
balanced_independent,3,g2_eps_0p5,g2,0.5,False,,,,,quality_only_not_costed,18.126426134337436,48,47.0,0.97890625,0.006666666666666667,0.9933333333333333,0.0004166666666666667,0.9791666666666666
balanced_independent,4,g2_eps_0p5,g2,0.5,False,,,,,quality_only_not_costed,13.878423606142505,48,47.0,0.9789409722222221,0.008333333333333333,0.9916666666666667,0.0004166666666666667,0.9791666666666666
balanced_independent,5,g2_eps_0p5,g2,0.5,False,,,,,quality_only_not_costed,9.552040351724017,48,47.0,0.9789930555555554,0.010833333333333334,0.9891666666666666,0.0004166666666666667,0.9791666666666666
balanced_independent,6,g2_eps_0p5,g2,0.5,False,,,,,quality_only_not_costed,9.661221023209382,48,47.0,0.9789670138888887,0.009583333333333333,0.9904166666666666,0.0004166666666666667,0.9791666666666666
balanced_independent,7,g2_eps_0p5,g2,0.5,False,,,,,quality_only_not_costed,13.264778693840263,48,47.0,0.978862847222222,0.004583333333333333,0.9954166666666666,0.0004166666666666667,0.9791666666666666
balanced_independent,8,g2_eps_0p5,g2,0.5,False,,,,,quality_only_not_costed,2.415708503128295,48,47.0,0.9794444444444443,0.0325,0.9675,0.0004166666666666667,0.9791666666666666
balanced_independent,9,g2_eps_0p5,g2,0.5,False,,,,,quality_only_not_costed,8.271039652966252,48,47.0,0.9788541666666667,0.004166666666666667,0.9958333333333333,0.0004166666666666667,0.9791666666666666
balanced_independent,10,g2_eps_0p5,g2,0.5,False,,,,,quality_only_not_costed,1.6071735564887888,48,47.0,0.9801649305555554,0.06708333333333333,0.9329166666666666,0.0004166666666666667,0.9791666666666666
balanced_independent,11,g2_eps_0p5,g2,0.5,False,,,,,quality_only_not_costed,6.033239555031942,48,47.0,0.9789583333333334,0.009166666666666667,0.9908333333333333,0.0004166666666666667,0.9791666666666666
balanced_independent,0,g2_eps_0p25,g2,0.25,False,,,,,quality_only_not_costed,9.552878298821526,48,47.0,0.9789670138888887,0.009583333333333333,0.9904166666666666,0.0004166666666666667,0.9791666666666666
balanced_independent,1,g2_eps_0p25,g2,0.25,False,,,,,quality_only_not_costed,12.24613084339069,48,47.0,0.9788541666666667,0.004166666666666667,0.9958333333333333,0.0004166666666666667,0.9791666666666666
balanced_independent,2,g2_eps_0p25,g2,0.25,False,,,,,quality_only_not_costed,11.817200512434374,48,47.0,0.9790451388888888,0.015,0.985,0.0004166666666666667,0.9791666666666666
balanced_independent,3,g2_eps_0p25,g2,0.25,False,,,,,quality_only_not_costed,11.077307590108648,48,47.0,0.9790538194444444,0.0175,0.9825,0.0004166666666666667,0.9791666666666666
balanced_independent,4,g2_eps_0p25,g2,0.25,False,,,,,quality_only_not_costed,17.45059305088444,48,47.0,0.9788107638888888,0.002916666666666667,0.9970833333333333,0.0004166666666666667,0.9791666666666666
balanced_independent,5,g2_eps_0p25,g2,0.25,False,,,,,quality_only_not_costed,14.913323331960795,48,47.0,0.9787847222222221,0.0016666666666666668,0.9983333333333333,0.0004166666666666667,0.9791666666666666
balanced_independent,6,g2_eps_0p25,g2,0.25,False,,,,,quality_only_not_costed,12.06252266756876,48,47.0,0.9788368055555554,0.0033333333333333335,0.9966666666666667,0.0004166666666666667,0.9791666666666666
balanced_independent,7,g2_eps_0p25,g2,0.25,False,,,,,quality_only_not_costed,7.6488137360790756,48,47.0,0.9790104166666667,0.011666666666666667,0.9883333333333333,0.0004166666666666667,0.9791666666666666
balanced_independent,8,g2_eps_0p25,g2,0.25,False,,,,,quality_only_not_costed,7.514238883386739,48,47.0,0.9788107638888888,0.0020833333333333333,0.9979166666666667,0.0004166666666666667,0.9791666666666666
balanced_independent,9,g2_eps_0p25,g2,0.25,False,,,,,quality_only_not_costed,5.004666882948176,48,47.0,0.9788107638888888,0.004583333333333333,0.9954166666666666,0.0004166666666666667,0.9791666666666666
balanced_independent,10,g2_eps_0p25,g2,0.25,False,,,,,quality_only_not_costed,11.15544923001962,48,47.0,0.9788888888888888,0.007083333333333333,0.9929166666666667,0.0004166666666666667,0.9791666666666666
balanced_independent,11,g2_eps_0p25,g2,0.25,False,,,,,quality_only_not_costed,7.615216340342819,48,47.0,0.9788975694444444,0.00625,0.99375,0.0004166666666666667,0.9791666666666666
balanced_independent,0,g2_eps_0p125,g2,0.125,False,,,,,quality_only_not_costed,10.291292008962223,48,47.0,0.9785590277777777,0.002916666666666667,0.9970833333333333,0.0008333333333333334,0.9791666666666666
balanced_independent,1,g2_eps_0p125,g2,0.125,False,,,,,quality_only_not_costed,7.757425144457699,48,47.0,0.978689236111111,0.0033333333333333335,0.9966666666666667,0.0004166666666666667,0.9791666666666666
balanced_independent,2,g2_eps_0p125,g2,0.125,False,,,,,quality_only_not_costed,10.44216704921586,48,47.0,0.9786545138888888,0.008333333333333333,0.9916666666666667,0.0008333333333333334,0.9791666666666666
balanced_independent,3,g2_eps_0p125,g2,0.125,False,,,,,quality_only_not_costed,12.465083469715127,48,47.0,0.9786197916666667,0.0025,0.9975,0.0004166666666666667,0.9791666666666666
balanced_independent,4,g2_eps_0p125,g2,0.125,False,,,,,quality_only_not_costed,13.473384515666648,48,47.0,0.9784895833333334,0.002916666666666667,0.9970833333333333,0.0008333333333333334,0.9791666666666666
balanced_independent,5,g2_eps_0p125,g2,0.125,False,,,,,quality_only_not_costed,6.998021418996963,48,47.0,0.9788194444444444,0.011666666666666667,0.9883333333333333,0.0004166666666666667,0.9791666666666666
balanced_independent,6,g2_eps_0p125,g2,0.125,False,,,,,quality_only_not_costed,8.565086843138472,48,47.0,0.9785677083333333,0.0004166666666666667,0.9995833333333334,0.0008333333333333334,0.9791666666666666
balanced_independent,7,g2_eps_0p125,g2,0.125,False,,,,,quality_only_not_costed,8.795225391353025,48,47.0,0.9786979166666666,0.005833333333333334,0.9941666666666666,0.0004166666666666667,0.9791666666666666
balanced_independent,8,g2_eps_0p125,g2,0.125,False,,,,,quality_only_not_costed,8.31938239052786,48,47.0,0.9786024305555554,0.0008333333333333334,0.9991666666666666,0.0004166666666666667,0.9791666666666666
balanced_independent,9,g2_eps_0p125,g2,0.125,False,,,,,quality_only_not_costed,6.775260380012693,48,47.0,0.9785416666666666,0.0016666666666666668,0.9983333333333333,0.0008333333333333334,0.9791666666666666
balanced_independent,10,g2_eps_0p125,g2,0.125,False,,,,,quality_only_not_costed,8.938912563941322,48,47.0,0.9786371527777777,0.004166666666666667,0.9958333333333333,0.0004166666666666667,0.9791666666666666
balanced_independent,11,g2_eps_0p125,g2,0.125,False,,,,,quality_only_not_costed,6.57695862279242,48,47.0,0.9786458333333333,0.0075,0.9925,0.0008333333333333334,0.9791666666666666
balanced_independent,0,g1_exact,g1,0.0,True,240,316992,921600,1238592,gram_setup_modelled,4.440892098500626e-16,48,1.0,0.020833333333333332,0.0,1.0,1.0,0.020833333333333332
balanced_independent,1,g1_exact,g1,0.0,True,240,316992,921600,1238592,gram_setup_modelled,0.0,48,1.0,0.020833333333333332,0.0,1.0,1.0,0.020833333333333332
balanced_independent,2,g1_exact,g1,0.0,True,240,316992,921600,1238592,gram_setup_modelled,0.0,48,1.0,0.020833333333333332,0.0,1.0,1.0,0.020833333333333332
balanced_independent,3,g1_exact,g1,0.0,True,240,316992,921600,1238592,gram_setup_modelled,0.0,48,1.0,0.020833333333333332,0.0,1.0,1.0,0.020833333333333332
balanced_independent,4,g1_exact,g1,0.0,True,240,316992,921600,1238592,gram_setup_modelled,8.881784197001252e-16,48,1.0,0.020833333333333332,0.0,1.0,1.0,0.020833333333333332
balanced_independent,5,g1_exact,g1,0.0,True,240,316992,921600,1238592,gram_setup_modelled,0.0,48,1.0,0.020833333333333332,0.0,1.0,1.0,0.020833333333333332
balanced_independent,6,g1_exact,g1,0.0,True,240,316992,921600,1238592,gram_setup_modelled,0.0,48,1.0,0.020833333333333332,0.0,1.0,1.0,0.020833333333333332
balanced_independent,7,g1_exact,g1,0.0,True,240,316992,921600,1238592,gram_setup_modelled,0.0,48,1.0,0.020833333333333332,0.0,1.0,1.0,0.020833333333333332
balanced_independent,8,g1_exact,g1,0.0,True,240,316992,921600,1238592,gram_setup_modelled,0.0,48,1.0,0.020833333333333332,0.0,1.0,1.0,0.020833333333333332
balanced_independent,9,g1_exact,g1,0.0,True,120,168344,921600,1089944,gram_setup_modelled,8.881784197001252e-16,48,1.0,0.020833333333333332,0.0,1.0,1.0,0.020833333333333332
balanced_independent,10,g1_exact,g1,0.0,True,240,316992,921600,1238592,gram_setup_modelled,1.3322676295501878e-15,48,1.0,0.020833333333333332,0.0,1.0,1.0,0.020833333333333332
balanced_independent,11,g1_exact,g1,0.0,True,240,316992,921600,1238592,gram_setup_modelled,0.0,48,1.0,0.020833333333333332,0.0,1.0,1.0,0.020833333333333332
scaled_independent,0,g3_zero,g3,,True,720,911584,0,911584,costed_zero_oracle,8.881784197001252e-16,48,48.0,0.9995920138888887,0.9995833333333334,0.0004166666666666667,0.0004166666666666667,1.0
scaled_independent,1,g3_zero,g3,,True,480,614288,0,614288,costed_zero_oracle,8.881784197001252e-16,48,48.0,0.9995833333333334,0.9991666666666666,0.0008333333333333334,0.0004166666666666667,1.0
scaled_independent,2,g3_zero,g3,,True,600,762936,0,762936,costed_zero_oracle,0.0,48,48.0,0.9995833333333334,0.9991666666666666,0.0008333333333333334,0.0004166666666666667,1.0
scaled_independent,3,g3_zero,g3,,True,600,762936,0,762936,costed_zero_oracle,4.440892098500626e-16,48,48.0,0.9995833333333334,0.9991666666666666,0.0008333333333333334,0.0004166666666666667,1.0
scaled_independent,4,g3_zero,g3,,True,600,762936,0,762936,costed_zero_oracle,0.0,48,48.0,0.9995920138888887,0.9995833333333334,0.0004166666666666667,0.0004166666666666667,1.0
scaled_independent,5,g3_zero,g3,,True,840,1060232,0,1060232,costed_zero_oracle,0.0,48,48.0,0.9995920138888887,0.9995833333333334,0.0004166666666666667,0.0004166666666666667,1.0
scaled_independent,6,g3_zero,g3,,True,600,762936,0,762936,costed_zero_oracle,8.881784197001252e-16,48,48.0,0.9995833333333334,0.9991666666666666,0.0008333333333333334,0.0004166666666666667,1.0
scaled_independent,7,g3_zero,g3,,True,600,762936,0,762936,costed_zero_oracle,0.0,48,48.0,0.9995920138888887,0.9995833333333334,0.0004166666666666667,0.0004166666666666667,1.0
scaled_independent,8,g3_zero,g3,,True,600,762936,0,762936,costed_zero_oracle,4.440892098500626e-16,48,48.0,0.9995920138888887,0.9995833333333334,0.0004166666666666667,0.0004166666666666667,1.0
scaled_independent,9,g3_zero,g3,,True,720,911584,0,911584,costed_zero_oracle,8.881784197001252e-16,48,48.0,0.9995920138888887,0.9995833333333334,0.0004166666666666667,0.0004166666666666667,1.0
scaled_independent,10,g3_zero,g3,,True,720,911584,0,911584,costed_zero_oracle,0.0,48,48.0,0.9995920138888887,0.9995833333333334,0.0004166666666666667,0.0004166666666666667,1.0
scaled_independent,11,g3_zero,g3,,True,480,614288,0,614288,costed_zero_oracle,0.0,48,48.0,0.9995920138888887,0.9995833333333334,0.0004166666666666667,0.0004166666666666667,1.0
scaled_independent,0,g2_eps_1,g2,1.0,True,600,762936,,,quality_only_not_costed,0.0,48,48.0,0.9995399305555555,0.99875,0.00125,0.0004166666666666667,1.0
scaled_independent,1,g2_eps_1,g2,1.0,True,480,614288,,,quality_only_not_costed,8.881784197001252e-16,48,48.0,0.9995833333333334,0.9991666666666666,0.0008333333333333334,0.0004166666666666667,1.0
scaled_independent,2,g2_eps_1,g2,1.0,True,600,762936,,,quality_only_not_costed,1.7763568394002505e-15,48,48.0,0.9995225694444444,0.9991666666666666,0.0008333333333333334,0.0004166666666666667,1.0
scaled_independent,3,g2_eps_1,g2,1.0,True,600,762936,,,quality_only_not_costed,0.0,48,48.0,0.9995138888888888,0.9991666666666666,0.0008333333333333334,0.0004166666666666667,1.0
scaled_independent,4,g2_eps_1,g2,1.0,True,600,762936,,,quality_only_not_costed,0.0,48,48.0,0.9995833333333334,0.9991666666666666,0.0008333333333333334,0.0004166666666666667,1.0
scaled_independent,5,g2_eps_1,g2,1.0,True,720,911584,,,quality_only_not_costed,8.881784197001252e-16,48,48.0,0.9995833333333334,0.9991666666666666,0.0008333333333333334,0.0004166666666666667,1.0
scaled_independent,6,g2_eps_1,g2,1.0,True,720,911584,,,quality_only_not_costed,4.440892098500626e-16,48,48.0,0.9995833333333334,0.9991666666666666,0.0008333333333333334,0.0004166666666666667,1.0
scaled_independent,7,g2_eps_1,g2,1.0,True,600,762936,,,quality_only_not_costed,0.0,48,48.0,0.9995833333333334,0.9991666666666666,0.0008333333333333334,0.0004166666666666667,1.0
scaled_independent,8,g2_eps_1,g2,1.0,True,600,762936,,,quality_only_not_costed,2.220446049250313e-15,48,48.0,0.9995833333333334,0.9991666666666666,0.0008333333333333334,0.0004166666666666667,1.0
scaled_independent,9,g2_eps_1,g2,1.0,True,720,911584,,,quality_only_not_costed,1.3322676295501878e-15,48,48.0,0.9995746527777777,0.99875,0.00125,0.0004166666666666667,1.0
scaled_independent,10,g2_eps_1,g2,1.0,True,720,911584,,,quality_only_not_costed,0.0,48,48.0,0.9995572916666666,0.9991666666666666,0.0008333333333333334,0.0004166666666666667,1.0
scaled_independent,11,g2_eps_1,g2,1.0,True,480,614288,,,quality_only_not_costed,1.3322676295501878e-15,48,48.0,0.9995833333333334,0.9991666666666666,0.0008333333333333334,0.0004166666666666667,1.0
scaled_independent,0,g2_eps_0p5,g2,0.5,False,,,,,quality_only_not_costed,27.832507797837927,48,47.0,0.9789930555555554,0.019583333333333335,0.9804166666666667,0.0004166666666666667,0.9791666666666666
scaled_independent,1,g2_eps_0p5,g2,0.5,False,,,,,quality_only_not_costed,55.92069338646095,48,47.0,0.9787152777777777,0.004583333333333333,0.9954166666666666,0.0004166666666666667,0.9791666666666666
scaled_independent,2,g2_eps_0p5,g2,0.5,False,,,,,quality_only_not_costed,50.68241008340414,48,47.0,0.9789496527777777,0.0175,0.9825,0.0004166666666666667,0.9791666666666666
scaled_independent,3,g2_eps_0p5,g2,0.5,False,,,,,quality_only_not_costed,25.921830518916202,48,47.0,0.9785416666666666,0.0016666666666666668,0.9983333333333333,0.0008333333333333334,0.9791666666666666
scaled_independent,4,g2_eps_0p5,g2,0.5,False,,,,,quality_only_not_costed,38.6816932547799,48,47.0,0.9788802083333333,0.005416666666666667,0.9945833333333334,0.0004166666666666667,0.9791666666666666
scaled_independent,5,g2_eps_0p5,g2,0.5,False,,,,,quality_only_not_costed,2.558309996522043,48,47.0,0.9796527777777777,0.050833333333333335,0.9491666666666667,0.0004166666666666667,0.9791666666666666
scaled_independent,6,g2_eps_0p5,g2,0.5,False,,,,,quality_only_not_costed,62.46480384242808,48,47.0,0.9786545138888888,0.005,0.995,0.0008333333333333334,0.9791666666666666
scaled_independent,7,g2_eps_0p5,g2,0.5,False,,,,,quality_only_not_costed,34.63053298449414,48,47.0,0.979157986111111,0.01875,0.98125,0.0004166666666666667,0.9791666666666666
scaled_independent,8,g2_eps_0p5,g2,0.5,False,,,,,quality_only_not_costed,1.0393072064970745,48,47.0,0.9794270833333333,0.03625,0.96375,0.0004166666666666667,0.9791666666666666
scaled_independent,9,g2_eps_0p5,g2,0.5,False,,,,,quality_only_not_costed,14.866430584490143,48,47.0,0.9788802083333333,0.007083333333333333,0.9929166666666667,0.0004166666666666667,0.9791666666666666
scaled_independent,10,g2_eps_0p5,g2,0.5,False,,,,,quality_only_not_costed,11.536529077498471,48,47.0,0.979375,0.03625,0.96375,0.0004166666666666667,0.9791666666666666
scaled_independent,11,g2_eps_0p5,g2,0.5,False,,,,,quality_only_not_costed,19.055245889078652,48,47.0,0.9789322916666666,0.0125,0.9875,0.0004166666666666667,0.9791666666666666
scaled_independent,0,g2_eps_0p25,g2,0.25,False,,,,,quality_only_not_costed,26.28827927531902,48,47.0,0.9790711805555554,0.02625,0.97375,0.0008333333333333334,0.9791666666666666
scaled_independent,1,g2_eps_0p25,g2,0.25,False,,,,,quality_only_not_costed,25.695479057652214,48,47.0,0.9784288194444444,0.007083333333333333,0.9929166666666667,0.0008333333333333334,0.9791666666666666
scaled_independent,2,g2_eps_0p25,g2,0.25,False,,,,,quality_only_not_costed,39.73280873688752,48,47.0,0.97875,0.020833333333333332,0.9791666666666666,0.0008333333333333334,0.9791666666666666
scaled_independent,3,g2_eps_0p25,g2,0.25,False,,,,,quality_only_not_costed,33.996344130478086,48,47.0,0.9786024305555554,0.005416666666666667,0.9945833333333334,0.0008333333333333334,0.9791666666666666
scaled_independent,4,g2_eps_0p25,g2,0.25,False,,,,,quality_only_not_costed,35.788288572074634,48,47.0,0.9787586805555555,0.002916666666666667,0.9970833333333333,0.0004166666666666667,0.9791666666666666
scaled_independent,5,g2_eps_0p25,g2,0.25,False,,,,,quality_only_not_costed,39.12001049794049,48,47.0,0.9784114583333333,0.002916666666666667,0.9970833333333333,0.0008333333333333334,0.9791666666666666
scaled_independent,6,g2_eps_0p25,g2,0.25,False,,,,,quality_only_not_costed,39.711292760299905,48,47.0,0.9783159722222221,0.00125,0.99875,0.0008333333333333334,0.9791666666666666
scaled_independent,7,g2_eps_0p25,g2,0.25,False,,,,,quality_only_not_costed,17.218346031735965,48,47.0,0.9786805555555554,0.010416666666666666,0.9895833333333334,0.0008333333333333334,0.9791666666666666
scaled_independent,8,g2_eps_0p25,g2,0.25,False,,,,,quality_only_not_costed,17.8315856488915,48,47.0,0.9788888888888888,0.019166666666666665,0.9808333333333333,0.0008333333333333334,0.9791666666666666
scaled_independent,9,g2_eps_0p25,g2,0.25,False,,,,,quality_only_not_costed,13.576641287902987,48,47.0,0.9785416666666666,0.004166666666666667,0.9958333333333333,0.0008333333333333334,0.9791666666666666
scaled_independent,10,g2_eps_0p25,g2,0.25,False,,,,,quality_only_not_costed,33.22982525859398,48,47.0,0.9784809027777777,0.004583333333333333,0.9954166666666666,0.0008333333333333334,0.9791666666666666
scaled_independent,11,g2_eps_0p25,g2,0.25,False,,,,,quality_only_not_costed,12.689081641457573,48,47.0,0.9785069444444444,0.00375,0.99625,0.0008333333333333334,0.9791666666666666
scaled_independent,0,g2_eps_0p125,g2,0.125,False,,,,,quality_only_not_costed,45.38792064937988,48,47.0,0.9783333333333334,0.0016666666666666668,0.9983333333333333,0.0008333333333333334,0.9791666666666666
scaled_independent,1,g2_eps_0p125,g2,0.125,False,,,,,quality_only_not_costed,24.292069650446088,48,47.0,0.978064236111111,0.007083333333333333,0.9929166666666667,0.0016666666666666668,0.9791666666666666
scaled_independent,2,g2_eps_0p125,g2,0.125,False,,,,,quality_only_not_costed,28.700044995866875,48,47.0,0.97796875,0.0016666666666666668,0.9983333333333333,0.00125,0.9791666666666666
scaled_independent,3,g2_eps_0p125,g2,0.125,False,,,,,quality_only_not_costed,11.426568152623108,48,47.0,0.9782552083333333,0.005833333333333334,0.9941666666666666,0.00125,0.9791666666666666
scaled_independent,4,g2_eps_0p125,g2,0.125,False,,,,,quality_only_not_costed,21.1782764564434,48,47.0,0.9782638888888887,0.0,1.0,0.0008333333333333334,0.9791666666666666
scaled_independent,5,g2_eps_0p125,g2,0.125,False,,,,,quality_only_not_costed,15.49574201673895,48,47.0,0.9778211805555554,0.00375,0.99625,0.0016666666666666668,0.9791666666666666
scaled_independent,6,g2_eps_0p125,g2,0.125,False,,,,,quality_only_not_costed,24.02938582698698,48,47.0,0.9780381944444444,0.00125,0.99875,0.00125,0.9791666666666666
scaled_independent,7,g2_eps_0p125,g2,0.125,False,,,,,quality_only_not_costed,11.666503880586307,48,47.0,0.9780815972222221,0.00375,0.99625,0.00125,0.9791666666666666
scaled_independent,8,g2_eps_0p125,g2,0.125,False,,,,,quality_only_not_costed,14.049538962756202,48,47.0,0.9782638888888887,0.004583333333333333,0.9954166666666666,0.00125,0.9791666666666666
scaled_independent,9,g2_eps_0p125,g2,0.125,False,,,,,quality_only_not_costed,9.209584491575448,48,47.0,0.9781076388888887,0.005,0.995,0.00125,0.9791666666666666
scaled_independent,10,g2_eps_0p125,g2,0.125,False,,,,,quality_only_not_costed,33.34136736980329,48,47.0,0.9781423611111111,0.0016666666666666668,0.9983333333333333,0.00125,0.9791666666666666
scaled_independent,11,g2_eps_0p125,g2,0.125,False,,,,,quality_only_not_costed,11.74890152515312,48,47.0,0.9781336805555554,0.0033333333333333335,0.9966666666666667,0.00125,0.9791666666666666
scaled_independent,0,g1_exact,g1,0.0,True,240,316992,921600,1238592,gram_setup_modelled,0.0,48,1.0,0.020833333333333332,0.0,1.0,1.0,0.020833333333333332
scaled_independent,1,g1_exact,g1,0.0,True,240,316992,921600,1238592,gram_setup_modelled,0.0,48,1.0,0.020833333333333332,0.0,1.0,1.0,0.020833333333333332
scaled_independent,2,g1_exact,g1,0.0,True,240,316992,921600,1238592,gram_setup_modelled,0.0,48,1.0,0.020833333333333332,0.0,1.0,1.0,0.020833333333333332
scaled_independent,3,g1_exact,g1,0.0,True,240,316992,921600,1238592,gram_setup_modelled,0.0,48,1.0,0.020833333333333332,0.0,1.0,1.0,0.020833333333333332
scaled_independent,4,g1_exact,g1,0.0,True,240,316992,921600,1238592,gram_setup_modelled,0.0,48,1.0,0.020833333333333332,0.0,1.0,1.0,0.020833333333333332
scaled_independent,5,g1_exact,g1,0.0,True,240,316992,921600,1238592,gram_setup_modelled,8.881784197001252e-16,48,1.0,0.020833333333333332,0.0,1.0,1.0,0.020833333333333332
scaled_independent,6,g1_exact,g1,0.0,True,240,316992,921600,1238592,gram_setup_modelled,4.440892098500626e-16,48,1.0,0.020833333333333332,0.0,1.0,1.0,0.020833333333333332
scaled_independent,7,g1_exact,g1,0.0,True,240,316992,921600,1238592,gram_setup_modelled,0.0,48,1.0,0.020833333333333332,0.0,1.0,1.0,0.020833333333333332
scaled_independent,8,g1_exact,g1,0.0,True,240,316992,921600,1238592,gram_setup_modelled,4.440892098500626e-16,48,1.0,0.020833333333333332,0.0,1.0,1.0,0.020833333333333332
scaled_independent,9,g1_exact,g1,0.0,True,240,316992,921600,1238592,gram_setup_modelled,0.0,48,1.0,0.020833333333333332,0.0,1.0,1.0,0.020833333333333332
scaled_independent,10,g1_exact,g1,0.0,True,240,316992,921600,1238592,gram_setup_modelled,0.0,48,1.0,0.020833333333333332,0.0,1.0,1.0,0.020833333333333332
scaled_independent,11,g1_exact,g1,0.0,True,240,316992,921600,1238592,gram_setup_modelled,0.0,48,1.0,0.020833333333333332,0.0,1.0,1.0,0.020833333333333332
balanced_correlated,0,g3_zero,g3,,True,1800,2249416,0,2249416,costed_zero_oracle,3.92959172712537e-06,48,48.0,0.9995920138888887,0.9995833333333334,0.0004166666666666667,0.0004166666666666667,1.0
balanced_correlated,1,g3_zero,g3,,True,1800,2249416,0,2249416,costed_zero_oracle,2.4403774552261837e-06,48,48.0,0.9995833333333334,0.9991666666666666,0.0008333333333333334,0.0004166666666666667,1.0
balanced_correlated,2,g3_zero,g3,,True,1800,2249416,0,2249416,costed_zero_oracle,5.626565926952765e-06,48,48.0,0.9995833333333334,0.9991666666666666,0.0008333333333333334,0.0004166666666666667,1.0
balanced_correlated,3,g3_zero,g3,,True,1920,2398064,0,2398064,costed_zero_oracle,7.523670940479121e-06,48,48.0,0.9995920138888887,0.9995833333333334,0.0004166666666666667,0.0004166666666666667,1.0
balanced_correlated,4,g3_zero,g3,,True,1920,2398064,0,2398064,costed_zero_oracle,1.6883812621326655e-05,48,48.0,0.9995920138888887,0.9995833333333334,0.0004166666666666667,0.0004166666666666667,1.0
balanced_correlated,5,g3_zero,g3,,True,1800,2249416,0,2249416,costed_zero_oracle,3.303780389707356e-06,48,48.0,0.9995920138888887,0.9995833333333334,0.0004166666666666667,0.0004166666666666667,1.0
balanced_correlated,6,g3_zero,g3,,True,1800,2249416,0,2249416,costed_zero_oracle,2.41157837521655e-06,48,48.0,0.9995920138888887,0.9995833333333334,0.0004166666666666667,0.0004166666666666667,1.0
balanced_correlated,7,g3_zero,g3,,True,1800,2249416,0,2249416,costed_zero_oracle,2.3653185405869692e-06,48,48.0,0.9995920138888887,0.9995833333333334,0.0004166666666666667,0.0004166666666666667,1.0
balanced_correlated,8,g3_zero,g3,,True,1800,2249416,0,2249416,costed_zero_oracle,4.846549483072948e-06,48,48.0,0.9995833333333334,0.9991666666666666,0.0008333333333333334,0.0004166666666666667,1.0
balanced_correlated,9,g3_zero,g3,,True,1800,2249416,0,2249416,costed_zero_oracle,4.006589000127292e-06,48,48.0,0.9995920138888887,0.9995833333333334,0.0004166666666666667,0.0004166666666666667,1.0
balanced_correlated,10,g3_zero,g3,,True,1680,2100768,0,2100768,costed_zero_oracle,2.1957233218294903e-06,48,48.0,0.9995920138888887,0.9995833333333334,0.0004166666666666667,0.0004166666666666667,1.0
balanced_correlated,11,g3_zero,g3,,True,1920,2398064,0,2398064,costed_zero_oracle,6.834687397816452e-06,48,48.0,0.9995833333333334,0.9991666666666666,0.0008333333333333334,0.0004166666666666667,1.0
balanced_correlated,0,g2_eps_1,g2,1.0,True,1800,2249416,,,quality_only_not_costed,6.66491331990926e-06,48,48.0,0.9995833333333334,0.9991666666666666,0.0008333333333333334,0.0004166666666666667,1.0
balanced_correlated,1,g2_eps_1,g2,1.0,True,1800,2249416,,,quality_only_not_costed,3.756535819743334e-06,48,48.0,0.9995746527777777,0.99875,0.00125,0.0004166666666666667,1.0
balanced_correlated,2,g2_eps_1,g2,1.0,True,1920,2398064,,,quality_only_not_costed,4.832500490437042e-06,48,48.0,0.9995746527777777,0.99875,0.00125,0.0004166666666666667,1.0
balanced_correlated,3,g2_eps_1,g2,1.0,True,1920,2398064,,,quality_only_not_costed,1.091442289302691e-05,48,48.0,0.9995746527777777,0.99875,0.00125,0.0004166666666666667,1.0
balanced_correlated,4,g2_eps_1,g2,1.0,True,1920,2398064,,,quality_only_not_costed,1.7676909723096657e-05,48,48.0,0.9995833333333334,0.9991666666666666,0.0008333333333333334,0.0004166666666666667,1.0
balanced_correlated,5,g2_eps_1,g2,1.0,True,1800,2249416,,,quality_only_not_costed,2.425308541109672e-06,48,48.0,0.9995833333333334,0.9991666666666666,0.0008333333333333334,0.0004166666666666667,1.0
balanced_correlated,6,g2_eps_1,g2,1.0,True,1800,2249416,,,quality_only_not_costed,2.3557093107307026e-06,48,48.0,0.9995833333333334,0.9991666666666666,0.0008333333333333334,0.0004166666666666667,1.0
balanced_correlated,7,g2_eps_1,g2,1.0,True,1680,2100768,,,quality_only_not_costed,2.2794655984981205e-06,48,48.0,0.9995746527777777,0.99875,0.00125,0.0004166666666666667,1.0
balanced_correlated,8,g2_eps_1,g2,1.0,True,1680,2100768,,,quality_only_not_costed,4.127768710837643e-06,48,48.0,0.9995833333333334,0.9991666666666666,0.0008333333333333334,0.0004166666666666667,1.0
balanced_correlated,9,g2_eps_1,g2,1.0,True,1800,2249416,,,quality_only_not_costed,4.471239901882029e-06,48,48.0,0.9995746527777777,0.99875,0.00125,0.0004166666666666667,1.0
balanced_correlated,10,g2_eps_1,g2,1.0,True,1800,2249416,,,quality_only_not_costed,4.894309503900018e-06,48,48.0,0.9995833333333334,0.9991666666666666,0.0008333333333333334,0.0004166666666666667,1.0
balanced_correlated,11,g2_eps_1,g2,1.0,True,1920,2398064,,,quality_only_not_costed,6.0462784627901556e-06,48,48.0,0.9995833333333334,0.9991666666666666,0.0008333333333333334,0.0004166666666666667,1.0
balanced_correlated,0,g2_eps_0p5,g2,0.5,False,,,,,quality_only_not_costed,3.262749211940203,48,47.0,0.9788194444444444,0.0025,0.9975,0.0004166666666666667,0.9791666666666666
balanced_correlated,1,g2_eps_0p5,g2,0.5,False,,,,,quality_only_not_costed,3.357606266944954,48,47.0,0.978828125,0.002916666666666667,0.9970833333333333,0.0004166666666666667,0.9791666666666666
balanced_correlated,2,g2_eps_0p5,g2,0.5,False,,,,,quality_only_not_costed,2.078975453546322,48,47.0,0.9788541666666667,0.004166666666666667,0.9958333333333333,0.0004166666666666667,0.9791666666666666
balanced_correlated,3,g2_eps_0p5,g2,0.5,False,,,,,quality_only_not_costed,3.7176423947596917,48,47.0,0.9790364583333333,0.012916666666666667,0.9870833333333333,0.0004166666666666667,0.9791666666666666
balanced_correlated,4,g2_eps_0p5,g2,0.5,False,,,,,quality_only_not_costed,5.834519030977347,48,47.0,0.9787934027777777,0.00125,0.99875,0.0004166666666666667,0.9791666666666666
balanced_correlated,5,g2_eps_0p5,g2,0.5,False,,,,,quality_only_not_costed,1.613631753851163,48,47.0,0.9789496527777779,0.00875,0.99125,0.0004166666666666667,0.9791666666666666
balanced_correlated,6,g2_eps_0p5,g2,0.5,False,,,,,quality_only_not_costed,4.208720011716818,48,47.0,0.9787934027777777,0.00125,0.99875,0.0004166666666666667,0.9791666666666666
balanced_correlated,7,g2_eps_0p5,g2,0.5,False,,,,,quality_only_not_costed,1.4063521809888186,48,47.0,0.97890625,0.006666666666666667,0.9933333333333333,0.0004166666666666667,0.9791666666666666
balanced_correlated,8,g2_eps_0p5,g2,0.5,False,,,,,quality_only_not_costed,2.7100551527428602,48,47.0,0.9789322916666666,0.007916666666666667,0.9920833333333333,0.0004166666666666667,0.9791666666666666
balanced_correlated,9,g2_eps_0p5,g2,0.5,False,,,,,quality_only_not_costed,1.5529083938751729,48,47.0,0.978984375,0.010416666666666666,0.9895833333333334,0.0004166666666666667,0.9791666666666666
balanced_correlated,10,g2_eps_0p5,g2,0.5,False,,,,,quality_only_not_costed,1.0525802455637585,48,47.0,0.9789409722222221,0.008333333333333333,0.9916666666666667,0.0004166666666666667,0.9791666666666666
balanced_correlated,11,g2_eps_0p5,g2,0.5,False,,,,,quality_only_not_costed,2.088957298120762,48,47.0,0.9792534722222221,0.023333333333333334,0.9766666666666667,0.0004166666666666667,0.9791666666666666
balanced_correlated,0,g2_eps_0p25,g2,0.25,False,,,,,quality_only_not_costed,2.2445060870408367,48,47.0,0.9786805555555554,0.0008333333333333334,0.9991666666666666,0.0004166666666666667,0.9791666666666666
balanced_correlated,1,g2_eps_0p25,g2,0.25,False,,,,,quality_only_not_costed,3.41734344914064,48,47.0,0.9788020833333333,0.002916666666666667,0.9970833333333333,0.0004166666666666667,0.9791666666666666
balanced_correlated,2,g2_eps_0p25,g2,0.25,False,,,,,quality_only_not_costed,3.2879691794575683,48,47.0,0.9787152777777777,0.00125,0.99875,0.0004166666666666667,0.9791666666666666
balanced_correlated,3,g2_eps_0p25,g2,0.25,False,,,,,quality_only_not_costed,3.0267253143424244,48,47.0,0.9789496527777777,0.011666666666666667,0.9883333333333333,0.0004166666666666667,0.9791666666666666
balanced_correlated,4,g2_eps_0p25,g2,0.25,False,,,,,quality_only_not_costed,2.6632543168789593,48,47.0,0.9788802083333333,0.005416666666666667,0.9945833333333334,0.0004166666666666667,0.9791666666666666
balanced_correlated,5,g2_eps_0p25,g2,0.25,False,,,,,quality_only_not_costed,1.668978344768143,48,47.0,0.9786631944444444,0.00125,0.99875,0.0004166666666666667,0.9791666666666666
balanced_correlated,6,g2_eps_0p25,g2,0.25,False,,,,,quality_only_not_costed,2.4688986415445964,48,47.0,0.978862847222222,0.009583333333333333,0.9904166666666666,0.0004166666666666667,0.9791666666666666
balanced_correlated,7,g2_eps_0p25,g2,0.25,False,,,,,quality_only_not_costed,1.1873955006843935,48,47.0,0.9788975694444444,0.007916666666666667,0.9920833333333333,0.0004166666666666667,0.9791666666666666
balanced_correlated,8,g2_eps_0p25,g2,0.25,False,,,,,quality_only_not_costed,2.4839534283833458,48,47.0,0.9788975694444444,0.00625,0.99375,0.0004166666666666667,0.9791666666666666
balanced_correlated,9,g2_eps_0p25,g2,0.25,False,,,,,quality_only_not_costed,1.8710319347953077,48,47.0,0.978845486111111,0.00375,0.99625,0.0004166666666666667,0.9791666666666666
balanced_correlated,10,g2_eps_0p25,g2,0.25,False,,,,,quality_only_not_costed,1.9565825474555583,48,47.0,0.9787673611111111,0.0,1.0,0.0004166666666666667,0.9791666666666666
balanced_correlated,11,g2_eps_0p25,g2,0.25,False,,,,,quality_only_not_costed,2.6379603124127597,48,47.0,0.9788715277777778,0.005,0.995,0.0004166666666666667,0.9791666666666666
balanced_correlated,0,g2_eps_0p125,g2,0.125,False,,,,,quality_only_not_costed,1.6699620938984179,48,47.0,0.9785416666666666,0.0008333333333333334,0.9991666666666666,0.0008333333333333334,0.9791666666666666
balanced_correlated,1,g2_eps_0p125,g2,0.125,False,,,,,quality_only_not_costed,2.9851994861655236,48,47.0,0.9785069444444444,0.0,1.0,0.0008333333333333334,0.9791666666666666
balanced_correlated,2,g2_eps_0p125,g2,0.125,False,,,,,quality_only_not_costed,2.034690598646015,48,47.0,0.9785590277777779,0.0020833333333333333,0.9979166666666667,0.0004166666666666667,0.9791666666666666
balanced_correlated,3,g2_eps_0p125,g2,0.125,False,,,,,quality_only_not_costed,4.307653941425462,48,47.0,0.978671875,0.005,0.995,0.0004166666666666667,0.9791666666666666
balanced_correlated,4,g2_eps_0p125,g2,0.125,False,,,,,quality_only_not_costed,2.4937427677529747,48,47.0,0.9784635416666667,0.0004166666666666667,0.9995833333333334,0.0008333333333333334,0.9791666666666666
balanced_correlated,5,g2_eps_0p125,g2,0.125,False,,,,,quality_only_not_costed,1.3076208979860406,48,47.0,0.9784461805555557,0.0025,0.9975,0.0008333333333333334,0.9791666666666666
balanced_correlated,6,g2_eps_0p125,g2,0.125,False,,,,,quality_only_not_costed,3.424042839028184,48,47.0,0.9784375,0.00125,0.99875,0.0008333333333333334,0.9791666666666666
balanced_correlated,7,g2_eps_0p125,g2,0.125,False,,,,,quality_only_not_costed,1.1690731277278816,48,47.0,0.97859375,0.005833333333333334,0.9941666666666666,0.0004166666666666667,0.9791666666666666
balanced_correlated,8,g2_eps_0p125,g2,0.125,False,,,,,quality_only_not_costed,1.8107540384972984,48,47.0,0.9785850694444443,0.00625,0.99375,0.0008333333333333334,0.9791666666666666
balanced_correlated,9,g2_eps_0p125,g2,0.125,False,,,,,quality_only_not_costed,1.3689658754390468,48,47.0,0.9784982638888887,0.00375,0.99625,0.0008333333333333334,0.9791666666666666
balanced_correlated,10,g2_eps_0p125,g2,0.125,False,,,,,quality_only_not_costed,1.3007218164534273,48,47.0,0.978515625,0.0020833333333333333,0.9979166666666667,0.0008333333333333334,0.9791666666666666
balanced_correlated,11,g2_eps_0p125,g2,0.125,False,,,,,quality_only_not_costed,2.0883709438148226,48,47.0,0.9786024305555554,0.002916666666666667,0.9970833333333333,0.0008333333333333334,0.9791666666666666
balanced_correlated,0,g1_exact,g1,0.0,True,600,762936,921600,1684536,gram_setup_modelled,4.440892098500626e-15,48,1.0,0.020833333333333332,0.0,1.0,1.0,0.020833333333333332
balanced_correlated,1,g1_exact,g1,0.0,True,600,762936,921600,1684536,gram_setup_modelled,4.440892098500626e-16,48,1.0,0.020833333333333332,0.0,1.0,1.0,0.020833333333333332
balanced_correlated,2,g1_exact,g1,0.0,True,600,762936,921600,1684536,gram_setup_modelled,1.3322676295501878e-15,48,1.0,0.020833333333333332,0.0,1.0,1.0,0.020833333333333332
balanced_correlated,3,g1_exact,g1,0.0,True,720,911584,921600,1833184,gram_setup_modelled,9.325873406851315e-15,48,1.0,0.020833333333333332,0.0,1.0,1.0,0.020833333333333332
balanced_correlated,4,g1_exact,g1,0.0,True,600,762936,921600,1684536,gram_setup_modelled,0.0,48,1.0,0.020833333333333332,0.0,1.0,1.0,0.020833333333333332
balanced_correlated,5,g1_exact,g1,0.0,True,600,762936,921600,1684536,gram_setup_modelled,4.440892098500626e-16,48,1.0,0.020833333333333332,0.0,1.0,1.0,0.020833333333333332
balanced_correlated,6,g1_exact,g1,0.0,True,600,762936,921600,1684536,gram_setup_modelled,0.0,48,1.0,0.020833333333333332,0.0,1.0,1.0,0.020833333333333332
balanced_correlated,7,g1_exact,g1,0.0,True,600,762936,921600,1684536,gram_setup_modelled,8.881784197001252e-16,48,1.0,0.020833333333333332,0.0,1.0,1.0,0.020833333333333332
balanced_correlated,8,g1_exact,g1,0.0,True,600,762936,921600,1684536,gram_setup_modelled,1.199040866595169e-14,48,1.0,0.020833333333333332,0.0,1.0,1.0,0.020833333333333332
balanced_correlated,9,g1_exact,g1,0.0,True,600,762936,921600,1684536,gram_setup_modelled,4.440892098500626e-16,48,1.0,0.020833333333333332,0.0,1.0,1.0,0.020833333333333332
balanced_correlated,10,g1_exact,g1,0.0,True,720,911584,921600,1833184,gram_setup_modelled,1.9984014443252818e-14,48,1.0,0.020833333333333332,0.0,1.0,1.0,0.020833333333333332
balanced_correlated,11,g1_exact,g1,0.0,True,600,762936,921600,1684536,gram_setup_modelled,0.0,48,1.0,0.020833333333333332,0.0,1.0,1.0,0.020833333333333332
scaled_correlated,0,g3_zero,g3,,True,2280,2844008,0,2844008,costed_zero_oracle,3.334714178437892e-05,48,48.0,0.9995920138888887,0.9995833333333334,0.0004166666666666667,0.0004166666666666667,1.0
scaled_correlated,1,g3_zero,g3,,True,2280,2844008,0,2844008,costed_zero_oracle,3.449558164003719e-05,48,48.0,0.9995833333333334,0.9991666666666666,0.0008333333333333334,0.0004166666666666667,1.0
scaled_correlated,2,g3_zero,g3,,False,,,0,,costed_zero_oracle,0.00010089682559044633,48,48.0,0.9995920138888887,0.9995833333333334,0.0004166666666666667,0.0004166666666666667,1.0
scaled_correlated,3,g3_zero,g3,,False,,,0,,costed_zero_oracle,0.0001454128897031559,48,48.0,0.9995920138888887,0.9995833333333334,0.0004166666666666667,0.0004166666666666667,1.0
scaled_correlated,4,g3_zero,g3,,True,2400,2992656,0,2992656,costed_zero_oracle,7.954419079636565e-05,48,48.0,0.9995833333333334,0.9991666666666666,0.0008333333333333334,0.0004166666666666667,1.0
scaled_correlated,5,g3_zero,g3,,True,2400,2992656,0,2992656,costed_zero_oracle,8.040498431860499e-05,48,48.0,0.9995920138888887,0.9995833333333334,0.0004166666666666667,0.0004166666666666667,1.0
scaled_correlated,6,g3_zero,g3,,True,2280,2844008,0,2844008,costed_zero_oracle,4.0544903232131446e-05,48,48.0,0.9995833333333334,0.9991666666666666,0.0008333333333333334,0.0004166666666666667,1.0
scaled_correlated,7,g3_zero,g3,,True,2280,2844008,0,2844008,costed_zero_oracle,4.802938603853946e-05,48,48.0,0.9995920138888887,0.9995833333333334,0.0004166666666666667,0.0004166666666666667,1.0
scaled_correlated,8,g3_zero,g3,,True,2280,2844008,0,2844008,costed_zero_oracle,5.872811633755859e-05,48,48.0,0.9995833333333334,0.9991666666666666,0.0008333333333333334,0.0004166666666666667,1.0
scaled_correlated,9,g3_zero,g3,,True,1920,2398064,0,2398064,costed_zero_oracle,9.678972406668152e-06,48,48.0,0.9995833333333334,0.9991666666666666,0.0008333333333333334,0.0004166666666666667,1.0
scaled_correlated,10,g3_zero,g3,,True,2280,2844008,0,2844008,costed_zero_oracle,3.419877739085919e-05,48,48.0,0.9995833333333334,0.9991666666666666,0.0008333333333333334,0.0004166666666666667,1.0
scaled_correlated,11,g3_zero,g3,,False,,,0,,costed_zero_oracle,0.00018299413559175193,48,48.0,0.9995920138888887,0.9995833333333334,0.0004166666666666667,0.0004166666666666667,1.0
scaled_correlated,0,g2_eps_1,g2,1.0,True,2280,2844008,,,quality_only_not_costed,5.180287100570169e-05,48,48.0,0.9995138888888888,0.9991666666666666,0.0008333333333333334,0.0004166666666666667,1.0
scaled_correlated,1,g2_eps_1,g2,1.0,True,2160,2695360,,,quality_only_not_costed,2.0974810112761588e-05,48,48.0,0.9995052083333333,0.99875,0.00125,0.0004166666666666667,1.0
scaled_correlated,2,g2_eps_1,g2,1.0,True,2400,2992656,,,quality_only_not_costed,9.51682260894593e-05,48,48.0,0.9995833333333334,0.9991666666666666,0.0008333333333333334,0.0004166666666666667,1.0
scaled_correlated,3,g2_eps_1,g2,1.0,True,2400,2992656,,,quality_only_not_costed,9.231939225973207e-05,48,48.0,0.9995399305555555,0.9991666666666666,0.0008333333333333334,0.0004166666666666667,1.0
scaled_correlated,4,g2_eps_1,g2,1.0,True,2280,2844008,,,quality_only_not_costed,5.689193925517699e-05,48,48.0,0.9995746527777777,0.99875,0.00125,0.0004166666666666667,1.0
scaled_correlated,5,g2_eps_1,g2,1.0,True,2400,2992656,,,quality_only_not_costed,7.869831347973033e-05,48,48.0,0.9995833333333334,0.9991666666666666,0.0008333333333333334,0.0004166666666666667,1.0
scaled_correlated,6,g2_eps_1,g2,1.0,True,2040,2546712,,,quality_only_not_costed,2.050430691680205e-05,48,48.0,0.9995746527777777,0.99875,0.00125,0.0004166666666666667,1.0
scaled_correlated,7,g2_eps_1,g2,1.0,True,2280,2844008,,,quality_only_not_costed,4.0750854009008464e-05,48,48.0,0.9995659722222221,0.9991666666666666,0.0008333333333333334,0.0004166666666666667,1.0
scaled_correlated,8,g2_eps_1,g2,1.0,True,2160,2695360,,,quality_only_not_costed,3.265669215490874e-05,48,48.0,0.9995399305555555,0.99875,0.00125,0.0004166666666666667,1.0
scaled_correlated,9,g2_eps_1,g2,1.0,True,2280,2844008,,,quality_only_not_costed,5.098966371530622e-05,48,48.0,0.9995833333333334,0.9991666666666666,0.0008333333333333334,0.0004166666666666667,1.0
scaled_correlated,10,g2_eps_1,g2,1.0,True,2280,2844008,,,quality_only_not_costed,3.455079801595318e-05,48,48.0,0.9994965277777778,0.99875,0.00125,0.0004166666666666667,1.0
scaled_correlated,11,g2_eps_1,g2,1.0,False,,,,,quality_only_not_costed,0.0001596549306790429,48,48.0,0.9995572916666666,0.99875,0.00125,0.0004166666666666667,1.0
scaled_correlated,0,g2_eps_0p5,g2,0.5,False,,,,,quality_only_not_costed,5.76067089518399,48,47.0,0.978689236111111,0.004583333333333333,0.9954166666666666,0.0004166666666666667,0.9791666666666666
scaled_correlated,1,g2_eps_0p5,g2,0.5,False,,,,,quality_only_not_costed,21.655332746230016,48,47.0,0.978515625,0.0025,0.9975,0.0008333333333333334,0.9791666666666666
scaled_correlated,2,g2_eps_0p5,g2,0.5,False,,,,,quality_only_not_costed,8.559184398954386,48,47.0,0.9788107638888888,0.005833333333333334,0.9941666666666666,0.0004166666666666667,0.9791666666666666
scaled_correlated,3,g2_eps_0p5,g2,0.5,False,,,,,quality_only_not_costed,13.696861292937168,48,47.0,0.9787760416666667,0.005,0.995,0.0004166666666666667,0.9791666666666666
scaled_correlated,4,g2_eps_0p5,g2,0.5,False,,,,,quality_only_not_costed,7.560621833816681,48,47.0,0.978689236111111,0.005416666666666667,0.9945833333333334,0.0004166666666666667,0.9791666666666666
scaled_correlated,5,g2_eps_0p5,g2,0.5,False,,,,,quality_only_not_costed,11.383853568197358,48,47.0,0.9789496527777777,0.00875,0.99125,0.0004166666666666667,0.9791666666666666
scaled_correlated,6,g2_eps_0p5,g2,0.5,False,,,,,quality_only_not_costed,17.790192016529403,48,47.0,0.9786371527777777,0.0,1.0,0.0004166666666666667,0.9791666666666666
scaled_correlated,7,g2_eps_0p5,g2,0.5,False,,,,,quality_only_not_costed,5.982120645174221,48,47.0,0.9786111111111111,0.0020833333333333333,0.9979166666666667,0.0008333333333333334,0.9791666666666666
scaled_correlated,8,g2_eps_0p5,g2,0.5,False,,,,,quality_only_not_costed,8.231690265263047,48,47.0,0.9790364583333333,0.02,0.98,0.0004166666666666667,0.9791666666666666
scaled_correlated,9,g2_eps_0p5,g2,0.5,False,,,,,quality_only_not_costed,4.4572225903873415,48,47.0,0.9788107638888888,0.011666666666666667,0.9883333333333333,0.0008333333333333334,0.9791666666666666
scaled_correlated,10,g2_eps_0p5,g2,0.5,False,,,,,quality_only_not_costed,11.029870565433024,48,47.0,0.9785850694444443,0.0016666666666666668,0.9983333333333333,0.0008333333333333334,0.9791666666666666
scaled_correlated,11,g2_eps_0p5,g2,0.5,False,,,,,quality_only_not_costed,30.140917820691808,48,47.0,0.9786545138888888,0.002916666666666667,0.9970833333333333,0.0004166666666666667,0.9791666666666666
scaled_correlated,0,g2_eps_0p25,g2,0.25,False,,,,,quality_only_not_costed,4.964163544776834,48,47.0,0.9783072916666666,0.0008333333333333334,0.9991666666666666,0.0008333333333333334,0.9791666666666666
scaled_correlated,1,g2_eps_0p25,g2,0.25,False,,,,,quality_only_not_costed,12.885281339234522,48,47.0,0.978359375,0.002916666666666667,0.9970833333333333,0.0008333333333333334,0.9791666666666666
scaled_correlated,2,g2_eps_0p25,g2,0.25,False,,,,,quality_only_not_costed,6.868962153332028,48,47.0,0.9784722222222221,0.0020833333333333333,0.9979166666666667,0.0008333333333333334,0.9791666666666666
scaled_correlated,3,g2_eps_0p25,g2,0.25,False,,,,,quality_only_not_costed,11.440284920059284,48,47.0,0.978628472222222,0.006666666666666667,0.9933333333333333,0.0008333333333333334,0.9791666666666666
scaled_correlated,4,g2_eps_0p25,g2,0.25,False,,,,,quality_only_not_costed,9.423530990083115,48,47.0,0.9783420138888888,0.0016666666666666668,0.9983333333333333,0.0008333333333333334,0.9791666666666666
scaled_correlated,5,g2_eps_0p25,g2,0.25,False,,,,,quality_only_not_costed,8.985932260795266,48,47.0,0.978689236111111,0.00375,0.99625,0.0004166666666666667,0.9791666666666666
scaled_correlated,6,g2_eps_0p25,g2,0.25,False,,,,,quality_only_not_costed,3.763385164646048,48,47.0,0.9783506944444443,0.002916666666666667,0.9970833333333333,0.0008333333333333334,0.9791666666666666
scaled_correlated,7,g2_eps_0p25,g2,0.25,False,,,,,quality_only_not_costed,4.906232201433953,48,47.0,0.9785763888888888,0.00375,0.99625,0.0008333333333333334,0.9791666666666666
scaled_correlated,8,g2_eps_0p25,g2,0.25,False,,,,,quality_only_not_costed,5.685980253804902,48,47.0,0.97859375,0.010416666666666666,0.9895833333333334,0.0008333333333333334,0.9791666666666666
scaled_correlated,9,g2_eps_0p25,g2,0.25,False,,,,,quality_only_not_costed,2.3130636387347785,48,47.0,0.9786458333333333,0.011666666666666667,0.9883333333333333,0.0008333333333333334,0.9791666666666666
scaled_correlated,10,g2_eps_0p25,g2,0.25,False,,,,,quality_only_not_costed,5.99121129008911,48,47.0,0.9783767361111111,0.007916666666666667,0.9920833333333333,0.00125,0.9791666666666666
scaled_correlated,11,g2_eps_0p25,g2,0.25,False,,,,,quality_only_not_costed,21.37161379800641,48,47.0,0.9784895833333334,0.0008333333333333334,0.9991666666666666,0.0008333333333333334,0.9791666666666666
scaled_correlated,0,g2_eps_0p125,g2,0.125,False,,,,,quality_only_not_costed,2.6575589168845064,48,47.0,0.9780121527777778,0.005,0.995,0.00125,0.9791666666666666
scaled_correlated,1,g2_eps_0p125,g2,0.125,False,,,,,quality_only_not_costed,7.623564744740914,48,47.0,0.9778645833333334,0.0004166666666666667,0.9995833333333334,0.00125,0.9791666666666666
scaled_correlated,2,g2_eps_0p125,g2,0.125,False,,,,,quality_only_not_costed,4.160052912098009,48,47.0,0.978125,0.0008333333333333334,0.9991666666666666,0.00125,0.9791666666666666
scaled_correlated,3,g2_eps_0p125,g2,0.125,False,,,,,quality_only_not_costed,14.877052132702559,48,47.0,0.9781510416666667,0.0008333333333333334,0.9991666666666666,0.00125,0.9791666666666666
scaled_correlated,4,g2_eps_0p125,g2,0.125,False,,,,,quality_only_not_costed,5.239052891420679,48,47.0,0.9781076388888887,0.0033333333333333335,0.9966666666666667,0.00125,0.9791666666666666
scaled_correlated,5,g2_eps_0p125,g2,0.125,False,,,,,quality_only_not_costed,6.029440246432797,48,47.0,0.9782725694444444,0.0004166666666666667,0.9995833333333334,0.0008333333333333334,0.9791666666666666
scaled_correlated,6,g2_eps_0p125,g2,0.125,False,,,,,quality_only_not_costed,3.878388256515248,48,47.0,0.9781163194444443,0.0025,0.9975,0.00125,0.9791666666666666
scaled_correlated,7,g2_eps_0p125,g2,0.125,False,,,,,quality_only_not_costed,6.36992540135154,48,47.0,0.9781423611111111,0.0004166666666666667,0.9995833333333334,0.0008333333333333334,0.9791666666666666
scaled_correlated,8,g2_eps_0p125,g2,0.125,False,,,,,quality_only_not_costed,5.299297652936329,48,47.0,0.9780642361111113,0.0075,0.9925,0.00125,0.9791666666666666
scaled_correlated,9,g2_eps_0p125,g2,0.125,False,,,,,quality_only_not_costed,3.3179056270397087,48,47.0,0.9780902777777777,0.0020833333333333333,0.9979166666666667,0.00125,0.9791666666666666
scaled_correlated,10,g2_eps_0p125,g2,0.125,False,,,,,quality_only_not_costed,6.146258454262103,48,47.0,0.9779253472222221,0.0008333333333333334,0.9991666666666666,0.00125,0.9791666666666666
scaled_correlated,11,g2_eps_0p125,g2,0.125,False,,,,,quality_only_not_costed,7.020802324470083,48,47.0,0.9780295138888888,0.004166666666666667,0.9958333333333333,0.00125,0.9791666666666666
scaled_correlated,0,g1_exact,g1,0.0,True,1440,1803472,921600,2725072,gram_setup_modelled,2.0914141707351064e-07,48,1.0,0.020833333333333332,0.0,1.0,1.0,0.020833333333333332
scaled_correlated,1,g1_exact,g1,0.0,True,1080,1357528,921600,2279128,gram_setup_modelled,1.089500623052686e-08,48,1.0,0.020833333333333332,0.0,1.0,1.0,0.020833333333333332
scaled_correlated,2,g1_exact,g1,0.0,True,1320,1654824,921600,2576424,gram_setup_modelled,1.2701263729653078e-07,48,1.0,0.020833333333333332,0.0,1.0,1.0,0.020833333333333332
scaled_correlated,3,g1_exact,g1,0.0,True,1200,1506176,921600,2427776,gram_setup_modelled,3.379170010475718e-08,48,1.0,0.020833333333333332,0.0,1.0,1.0,0.020833333333333332
scaled_correlated,4,g1_exact,g1,0.0,True,1200,1506176,921600,2427776,gram_setup_modelled,1.4601364561883656e-08,48,1.0,0.020833333333333332,0.0,1.0,1.0,0.020833333333333332
scaled_correlated,5,g1_exact,g1,0.0,True,1080,1357528,921600,2279128,gram_setup_modelled,2.7824911263962804e-09,48,1.0,0.020833333333333332,0.0,1.0,1.0,0.020833333333333332
scaled_correlated,6,g1_exact,g1,0.0,True,1440,1803472,921600,2725072,gram_setup_modelled,3.253018703297528e-07,48,1.0,0.020833333333333332,0.0,1.0,1.0,0.020833333333333332
scaled_correlated,7,g1_exact,g1,0.0,True,1080,1357528,921600,2279128,gram_setup_modelled,7.664150203368081e-09,48,1.0,0.020833333333333332,0.0,1.0,1.0,0.020833333333333332
scaled_correlated,8,g1_exact,g1,0.0,True,1200,1506176,921600,2427776,gram_setup_modelled,3.2988063392025424e-08,48,1.0,0.020833333333333332,0.0,1.0,1.0,0.020833333333333332
scaled_correlated,9,g1_exact,g1,0.0,True,1200,1506176,921600,2427776,gram_setup_modelled,2.894360706662269e-08,48,1.0,0.020833333333333332,0.0,1.0,1.0,0.020833333333333332
scaled_correlated,10,g1_exact,g1,0.0,True,1320,1654824,921600,2576424,gram_setup_modelled,8.03020898665352e-08,48,1.0,0.020833333333333332,0.0,1.0,1.0,0.020833333333333332
scaled_correlated,11,g1_exact,g1,0.0,True,1440,1803472,921600,2725072,gram_setup_modelled,1.0772303893347157e-07,48,1.0,0.020833333333333332,0.0,1.0,1.0,0.020833333333333332
diabetes,0,g3_zero,g3,,True,1320,1273094,0,1273094,costed_zero_oracle,3.40835129009065e-08,10,10.0,0.999625,0.9995833333333334,0.0004166666666666667,0.0004166666666666667,1.0
diabetes,1,g3_zero,g3,,True,960,927218,0,927218,costed_zero_oracle,2.3879209720689687e-09,10,10.0,0.999625,0.9995833333333334,0.0004166666666666667,0.0004166666666666667,1.0
diabetes,2,g3_zero,g3,,True,1200,1157802,0,1157802,costed_zero_oracle,1.5229602468025405e-08,10,10.0,0.999625,0.9995833333333334,0.0004166666666666667,0.0004166666666666667,1.0
diabetes,3,g3_zero,g3,,True,840,811926,0,811926,costed_zero_oracle,3.3502089991088724e-10,10,10.0,0.999625,0.9995833333333334,0.0004166666666666667,0.0004166666666666667,1.0
diabetes,4,g3_zero,g3,,True,1080,1042510,0,1042510,costed_zero_oracle,2.3217978650791338e-09,10,10.0,0.999625,0.9995833333333334,0.0004166666666666667,0.0004166666666666667,1.0
diabetes,5,g3_zero,g3,,True,360,350758,0,350758,costed_zero_oracle,3.821298832917819e-11,10,10.0,0.999625,0.9995833333333334,0.0004166666666666667,0.0004166666666666667,1.0
diabetes,6,g3_zero,g3,,True,960,927218,0,927218,costed_zero_oracle,1.6471943808937795e-09,10,10.0,0.999625,0.9995833333333334,0.0004166666666666667,0.0004166666666666667,1.0
diabetes,7,g3_zero,g3,,True,1080,1042510,0,1042510,costed_zero_oracle,5.7512465900799725e-09,10,10.0,0.999625,0.9995833333333334,0.0004166666666666667,0.0004166666666666667,1.0
diabetes,8,g3_zero,g3,,True,840,811926,0,811926,costed_zero_oracle,2.6358293325756676e-10,10,10.0,0.999625,0.9995833333333334,0.0004166666666666667,0.0004166666666666667,1.0
diabetes,9,g3_zero,g3,,True,1200,1157802,0,1157802,costed_zero_oracle,1.1023615797967068e-08,10,10.0,0.999625,0.9995833333333334,0.0004166666666666667,0.0004166666666666667,1.0
diabetes,10,g3_zero,g3,,True,1440,1388386,0,1388386,costed_zero_oracle,4.6502862005581846e-08,10,10.0,0.999625,0.9995833333333334,0.0004166666666666667,0.0004166666666666667,1.0
diabetes,11,g3_zero,g3,,True,840,811926,0,811926,costed_zero_oracle,6.763229976058938e-10,10,10.0,0.999625,0.9995833333333334,0.0004166666666666667,0.0004166666666666667,1.0
diabetes,0,g2_eps_1,g2,1.0,True,600,581342,,,quality_only_not_costed,2.3726443032501265e-10,10,10.0,0.9995833333333334,0.9991666666666666,0.0008333333333333334,0.0004166666666666667,1.0
diabetes,1,g2_eps_1,g2,1.0,True,960,927218,,,quality_only_not_costed,2.3942305915625184e-09,10,10.0,0.9995833333333334,0.9991666666666666,0.0008333333333333334,0.0004166666666666667,1.0
diabetes,2,g2_eps_1,g2,1.0,True,1200,1157802,,,quality_only_not_costed,2.4638566742396506e-08,10,10.0,0.9995833333333334,0.9991666666666666,0.0008333333333333334,0.0004166666666666667,1.0
diabetes,3,g2_eps_1,g2,1.0,True,840,811926,,,quality_only_not_costed,3.3502089991088724e-10,10,10.0,0.999625,0.9995833333333334,0.0004166666666666667,0.0004166666666666667,1.0
diabetes,4,g2_eps_1,g2,1.0,True,1200,1157802,,,quality_only_not_costed,4.947125376020267e-09,10,10.0,0.9995833333333334,0.9991666666666666,0.0008333333333333334,0.0004166666666666667,1.0
diabetes,5,g2_eps_1,g2,1.0,True,840,811926,,,quality_only_not_costed,1.5515411178057548e-09,10,10.0,0.9995833333333334,0.9991666666666666,0.0008333333333333334,0.0004166666666666667,1.0
diabetes,6,g2_eps_1,g2,1.0,True,1080,1042510,,,quality_only_not_costed,3.041549234694685e-09,10,10.0,0.9995833333333334,0.9991666666666666,0.0008333333333333334,0.0004166666666666667,1.0
diabetes,7,g2_eps_1,g2,1.0,True,1080,1042510,,,quality_only_not_costed,5.7512465900799725e-09,10,10.0,0.999625,0.9995833333333334,0.0004166666666666667,0.0004166666666666667,1.0
diabetes,8,g2_eps_1,g2,1.0,True,840,811926,,,quality_only_not_costed,4.2504666453169193e-10,10,10.0,0.9995833333333334,0.9991666666666666,0.0008333333333333334,0.0004166666666666667,1.0
diabetes,9,g2_eps_1,g2,1.0,True,1200,1157802,,,quality_only_not_costed,1.240793778833904e-08,10,10.0,0.9995833333333334,0.9991666666666666,0.0008333333333333334,0.0004166666666666667,1.0
diabetes,10,g2_eps_1,g2,1.0,True,1200,1157802,,,quality_only_not_costed,9.805447120925237e-09,10,10.0,0.9995833333333334,0.9991666666666666,0.0008333333333333334,0.0004166666666666667,1.0
diabetes,11,g2_eps_1,g2,1.0,True,840,811926,,,quality_only_not_costed,4.962998900737148e-10,10,10.0,0.9995833333333334,0.9991666666666666,0.0008333333333333334,0.0004166666666666667,1.0
diabetes,0,g2_eps_0p5,g2,0.5,False,,,,,quality_only_not_costed,2.8538467081161087,10,9.0,0.9001666666666667,0.005,0.995,0.0004166666666666667,0.9
diabetes,1,g2_eps_0p5,g2,0.5,False,,,,,quality_only_not_costed,16.831507879788646,10,9.0,0.8997916666666667,0.00125,0.99875,0.0004166666666666667,0.9
diabetes,2,g2_eps_0p5,g2,0.5,False,,,,,quality_only_not_costed,14.197598945843026,10,9.0,0.8999583333333334,0.002916666666666667,0.9970833333333333,0.0004166666666666667,0.9
diabetes,3,g2_eps_0p5,g2,0.5,False,,,,,quality_only_not_costed,17.0687623954162,10,9.0,0.8999583333333334,0.002916666666666667,0.9970833333333333,0.0004166666666666667,0.9
diabetes,4,g2_eps_0p5,g2,0.5,False,,,,,quality_only_not_costed,2.6349657508265807,10,9.0,0.9003750000000003,0.007083333333333333,0.9929166666666667,0.0004166666666666667,0.9
diabetes,5,g2_eps_0p5,g2,0.5,False,,,,,quality_only_not_costed,5.820541555790143,10,9.0,0.8999166666666667,0.0025,0.9975,0.0004166666666666667,0.9
diabetes,6,g2_eps_0p5,g2,0.5,False,,,,,quality_only_not_costed,13.735718164747766,10,9.0,0.8999583333333334,0.002916666666666667,0.9970833333333333,0.0004166666666666667,0.9
diabetes,7,g2_eps_0p5,g2,0.5,False,,,,,quality_only_not_costed,25.58045960309832,10,9.0,0.8999166666666667,0.0025,0.9975,0.0004166666666666667,0.9
diabetes,8,g2_eps_0p5,g2,0.5,False,,,,,quality_only_not_costed,32.28601334761862,10,9.0,0.89975,0.0008333333333333334,0.9991666666666666,0.0004166666666666667,0.9
diabetes,9,g2_eps_0p5,g2,0.5,False,,,,,quality_only_not_costed,12.382829553151666,10,9.0,0.89975,0.0008333333333333334,0.9991666666666666,0.0004166666666666667,0.9
diabetes,10,g2_eps_0p5,g2,0.5,False,,,,,quality_only_not_costed,0.35996556813346103,10,9.0,0.9008333333333334,0.011666666666666667,0.9883333333333333,0.0004166666666666667,0.9
diabetes,11,g2_eps_0p5,g2,0.5,False,,,,,quality_only_not_costed,10.324370471870978,10,9.0,0.9001666666666667,0.005,0.995,0.0004166666666666667,0.9
diabetes,0,g2_eps_0p25,g2,0.25,False,,,,,quality_only_not_costed,5.4852282467224285,10,9.0,0.8997916666666667,0.00125,0.99875,0.0004166666666666667,0.9
diabetes,1,g2_eps_0p25,g2,0.25,False,,,,,quality_only_not_costed,20.97212983671224,10,9.0,0.8997083333333334,0.0004166666666666667,0.9995833333333334,0.0004166666666666667,0.9
diabetes,2,g2_eps_0p25,g2,0.25,False,,,,,quality_only_not_costed,9.37862874698061,10,9.0,0.8997916666666667,0.00125,0.99875,0.0004166666666666667,0.9
diabetes,3,g2_eps_0p25,g2,0.25,False,,,,,quality_only_not_costed,11.819177506248465,10,9.0,0.8997083333333334,0.0004166666666666667,0.9995833333333334,0.0004166666666666667,0.9
diabetes,4,g2_eps_0p25,g2,0.25,False,,,,,quality_only_not_costed,11.9419742995821,10,9.0,0.89975,0.0008333333333333334,0.9991666666666666,0.0004166666666666667,0.9
diabetes,5,g2_eps_0p25,g2,0.25,False,,,,,quality_only_not_costed,8.11259428566531,10,9.0,0.8997083333333334,0.0004166666666666667,0.9995833333333334,0.0004166666666666667,0.9
diabetes,6,g2_eps_0p25,g2,0.25,False,,,,,quality_only_not_costed,11.9419742995821,10,9.0,0.8997083333333334,0.0004166666666666667,0.9995833333333334,0.0004166666666666667,0.9
diabetes,7,g2_eps_0p25,g2,0.25,False,,,,,quality_only_not_costed,10.170165356334266,10,9.0,0.8997083333333334,0.0004166666666666667,0.9995833333333334,0.0004166666666666667,0.9
diabetes,8,g2_eps_0p25,g2,0.25,False,,,,,quality_only_not_costed,6.7581646444815675,10,9.0,0.9,0.0033333333333333335,0.9966666666666667,0.0004166666666666667,0.9
diabetes,9,g2_eps_0p25,g2,0.25,False,,,,,quality_only_not_costed,11.248900381757153,10,9.0,0.8997916666666667,0.00125,0.99875,0.0004166666666666667,0.9
diabetes,10,g2_eps_0p25,g2,0.25,False,,,,,quality_only_not_costed,4.161905591513687,10,9.0,0.8998750000000001,0.0020833333333333333,0.9979166666666667,0.0004166666666666667,0.9
diabetes,11,g2_eps_0p25,g2,0.25,False,,,,,quality_only_not_costed,10.11719361108183,10,9.0,0.9000833333333332,0.004166666666666667,0.9958333333333333,0.0004166666666666667,0.9
diabetes,0,g2_eps_0p125,g2,0.125,False,,,,,quality_only_not_costed,5.433771694075901,10,9.0,0.8995833333333333,0.0008333333333333334,0.9991666666666666,0.0008333333333333334,0.9
diabetes,1,g2_eps_0p125,g2,0.125,False,,,,,quality_only_not_costed,7.2653743228197385,10,9.0,0.8996666666666666,0.00125,0.99875,0.0004166666666666667,0.9
diabetes,2,g2_eps_0p125,g2,0.125,False,,,,,quality_only_not_costed,4.2270582598603,10,9.0,0.89975,0.00125,0.99875,0.0004166666666666667,0.9
diabetes,3,g2_eps_0p125,g2,0.125,False,,,,,quality_only_not_costed,7.542194571350649,10,9.0,0.8995833333333333,0.0004166666666666667,0.9995833333333334,0.0004166666666666667,0.9
diabetes,4,g2_eps_0p125,g2,0.125,False,,,,,quality_only_not_costed,3.3811165653233957,10,9.0,0.8996666666666666,0.0016666666666666668,0.9983333333333333,0.0008333333333333334,0.9
diabetes,5,g2_eps_0p125,g2,0.125,False,,,,,quality_only_not_costed,7.65334908168947,10,9.0,0.8995833333333333,0.0004166666666666667,0.9995833333333334,0.0004166666666666667,0.9
diabetes,6,g2_eps_0p125,g2,0.125,False,,,,,quality_only_not_costed,1.6016425880861505,10,9.0,0.8998750000000001,0.00375,0.99625,0.0008333333333333334,0.9
diabetes,7,g2_eps_0p125,g2,0.125,False,,,,,quality_only_not_costed,4.648477648731486,10,9.0,0.8994583333333332,0.00125,0.99875,0.0004166666666666667,0.9
diabetes,8,g2_eps_0p125,g2,0.125,False,,,,,quality_only_not_costed,4.288672619875072,10,9.0,0.89975,0.00125,0.99875,0.0004166666666666667,0.9
diabetes,9,g2_eps_0p125,g2,0.125,False,,,,,quality_only_not_costed,3.9547509953881104,10,9.0,0.8995000000000001,0.0025,0.9975,0.0004166666666666667,0.9
diabetes,10,g2_eps_0p125,g2,0.125,False,,,,,quality_only_not_costed,5.63498679477641,10,9.0,0.8995000000000001,0.0004166666666666667,0.9995833333333334,0.0008333333333333334,0.9
diabetes,11,g2_eps_0p125,g2,0.125,False,,,,,quality_only_not_costed,8.349092991654743,10,9.0,0.8996250000000001,0.0008333333333333334,0.9991666666666666,0.0004166666666666667,0.9
diabetes,0,g1_exact,g1,0.0,True,120,120174,44200,164374,gram_setup_modelled,2.842170943040401e-14,10,1.0,0.1,0.0,1.0,1.0,0.1
diabetes,1,g1_exact,g1,0.0,True,120,120174,44200,164374,gram_setup_modelled,2.842170943040401e-14,10,1.0,0.1,0.0,1.0,1.0,0.1
diabetes,2,g1_exact,g1,0.0,True,120,120174,44200,164374,gram_setup_modelled,2.842170943040401e-14,10,1.0,0.1,0.0,1.0,1.0,0.1
diabetes,3,g1_exact,g1,0.0,True,120,120174,44200,164374,gram_setup_modelled,2.842170943040401e-14,10,1.0,0.1,0.0,1.0,1.0,0.1
diabetes,4,g1_exact,g1,0.0,True,120,120174,44200,164374,gram_setup_modelled,2.842170943040401e-14,10,1.0,0.1,0.0,1.0,1.0,0.1
diabetes,5,g1_exact,g1,0.0,True,120,120174,44200,164374,gram_setup_modelled,2.842170943040401e-14,10,1.0,0.1,0.0,1.0,1.0,0.1
diabetes,6,g1_exact,g1,0.0,True,120,120174,44200,164374,gram_setup_modelled,2.842170943040401e-14,10,1.0,0.1,0.0,1.0,1.0,0.1
diabetes,7,g1_exact,g1,0.0,True,120,120174,44200,164374,gram_setup_modelled,2.842170943040401e-14,10,1.0,0.1,0.0,1.0,1.0,0.1
diabetes,8,g1_exact,g1,0.0,True,120,120174,44200,164374,gram_setup_modelled,2.842170943040401e-14,10,1.0,0.1,0.0,1.0,1.0,0.1
diabetes,9,g1_exact,g1,0.0,True,120,120174,44200,164374,gram_setup_modelled,2.842170943040401e-14,10,1.0,0.1,0.0,1.0,1.0,0.1
diabetes,10,g1_exact,g1,0.0,True,120,120174,44200,164374,gram_setup_modelled,2.842170943040401e-14,10,1.0,0.1,0.0,1.0,1.0,0.1
diabetes,11,g1_exact,g1,0.0,True,120,120174,44200,164374,gram_setup_modelled,2.842170943040401e-14,10,1.0,0.1,0.0,1.0,1.0,0.1
