seed,uniform_success,ascd_success,uniform_hit_steps,ascd_hit_steps,uniform_hit_work,ascd_hit_work,paired_work_difference,ascd_to_uniform_work_ratio,uniform_final_gap,ascd_final_gap
0,True,True,2160,2280,1846672,2844008,997336,1.5400720864344075,2.3912398224190667e-05,3.334714178437892e-05
1,False,True,,2280,,2844008,,,0.00028156032464021763,3.449558164003719e-05
2,False,False,,,,,,,0.00025766042475350304,0.00010089682559044633
3,True,False,2280,,1949240,,,,3.8918542648147536e-05,0.0001454128897031559
4,True,True,2160,2400,1846672,2992656,1145984,1.6205671608168641,3.399585930052851e-05,7.954419079636565e-05
5,True,True,2400,2400,2051808,2992656,940848,1.458545828849483,5.742666797825535e-05,8.040498431860499e-05
6,True,True,2280,2280,1949240,2844008,894768,1.4590342902874966,3.463803419467837e-05,4.0544903232131446e-05
7,False,True,,2280,,2844008,,,0.00015556889091161707,4.802938603853946e-05
8,False,True,,2280,,2844008,,,0.00019200677186725912,5.872811633755859e-05
9,False,True,,1920,,2398064,,,0.00010889712328010503,9.678972406668152e-06
10,True,True,1920,2280,1641536,2844008,1202472,1.7325285586182697,6.83569915160831e-06,3.419877739085919e-05
11,False,False,,,,,,,0.0006458460089748819,0.00018299413559175193
