kind,case,pair_id,problem_seed,algorithm_seed,g3_success_primary,g1_success_primary,shared_primary_success,g3_epochs_to_primary,g1_epochs_to_primary,epochs_difference_g1_minus_g3,epochs_ratio_g1_over_g3,g3_seconds_to_primary,g1_seconds_to_primary,runtime_difference_g1_minus_g3,runtime_ratio_g1_over_g3,g3_proxy_core_to_primary,g1_proxy_core_to_primary,proxy_core_difference_g1_minus_g3,proxy_core_ratio_g1_over_g3,g3_proxy_costed_to_primary,g1_proxy_costed_to_primary,proxy_costed_difference_g1_minus_g3,proxy_costed_ratio_g1_over_g3,g3_median_active_set_fraction,g1_median_active_set_fraction,g3_median_zero_lower_fraction,g1_median_zero_lower_fraction,g3_final_relative_gap,g1_final_relative_gap
synthetic,heldout_balanced_moderate,problem_seed:100,100,9100,1,1,1,35.0,15.0,-20.0,0.42857142857142855,0.10001510009169579,0.09883530007209629,-0.0011798000195994973,0.9882037810438841,8765472.0,3844512.0,-4920960.0,0.4385972597938822,8765472.0,11217312.0,2451840.0,1.279715684449166,1.0,0.010416666666666666,1.0,0.010416666666666666,3.425008952174849e-17,0.0
synthetic,heldout_balanced_moderate,problem_seed:101,101,9101,1,1,1,35.0,15.0,-20.0,0.42857142857142855,0.07480059989029542,0.13035609992220998,0.05555550003191456,1.7427146321472524,8765472.0,3844512.0,-4920960.0,0.4385972597938822,8765472.0,11217312.0,2451840.0,1.279715684449166,1.0,0.010416666666666666,1.0,0.010416666666666666,0.0,0.0
synthetic,heldout_balanced_moderate,problem_seed:102,102,9102,1,1,1,35.0,10.0,-25.0,0.2857142857142857,0.07125430001178756,0.05113150004763156,-0.020122799964156002,0.717591780975645,8765472.0,2614272.0,-6151200.0,0.2982465747423527,8765472.0,9987072.0,1221600.0,1.1393649993976365,1.0,0.010416666666666666,1.0,0.010416666666666666,0.0,0.0
synthetic,heldout_balanced_moderate,problem_seed:103,103,9103,1,1,1,30.0,10.0,-20.0,0.3333333333333333,0.06695949990535155,0.04684730008011684,-0.02011219982523471,0.6996363495297356,7535232.0,2614272.0,-4920960.0,0.346939815522601,7535232.0,9987072.0,2451840.0,1.3253834785710645,1.0,0.010416666666666666,1.0,0.010416666666666666,0.0,0.0
synthetic,heldout_balanced_moderate,problem_seed:104,104,9104,1,1,1,30.0,15.0,-15.0,0.5,0.08555489999707788,0.0833303999970667,-0.002224500000011176,0.9739991514210506,7535232.0,3844512.0,-3690720.0,0.5102048616419508,7535232.0,11217312.0,3682080.0,1.4886485246904142,1.0,0.010416666666666666,1.0,0.010416666666666666,1.6006084280501695e-17,0.0
synthetic,heldout_balanced_moderate,problem_seed:105,105,9105,1,1,1,40.0,10.0,-30.0,0.25,0.07766609999816865,0.045016099989879876,-0.03265000000828877,0.5796106665706319,9995712.0,2614272.0,-7381440.0,0.2615393480724535,9995712.0,9987072.0,-8640.0,0.9991356293578687,1.0,0.010416666666666666,1.0,0.010416666666666666,4.9506598634806035e-18,1.485197959044181e-17
synthetic,heldout_balanced_moderate,problem_seed:106,106,9106,1,1,1,35.0,10.0,-25.0,0.2857142857142857,0.06767069990746677,0.046769100008532405,-0.020901599898934364,0.6911277712877906,8765472.0,2614272.0,-6151200.0,0.2982465747423527,8765472.0,9987072.0,1221600.0,1.1393649993976365,1.0,0.010416666666666666,1.0,0.010416666666666666,3.559137069640892e-17,0.0
synthetic,heldout_balanced_moderate,problem_seed:107,107,9107,1,1,1,30.0,10.0,-20.0,0.3333333333333333,0.05694089998723939,0.0507719999877736,-0.006168899999465793,0.8916613541259751,7535232.0,2614272.0,-4920960.0,0.346939815522601,7535232.0,9987072.0,2451840.0,1.3253834785710645,1.0,0.010416666666666666,1.0,0.010416666666666666,4.452939871291637e-17,0.0
synthetic,heldout_balanced_moderate,problem_seed:108,108,9108,1,1,1,35.0,10.0,-25.0,0.2857142857142857,0.07482410012744367,0.04766569996718317,-0.0271584001602605,0.637036728620817,8765472.0,2614272.0,-6151200.0,0.2982465747423527,8765472.0,9987072.0,1221600.0,1.1393649993976365,1.0,0.010416666666666666,1.0,0.010416666666666666,0.0,4.284534362820714e-18
synthetic,heldout_balanced_moderate,problem_seed:109,109,9109,1,1,1,35.0,10.0,-25.0,0.2857142857142857,0.06272240012185648,0.05629169999156147,-0.006430700130295008,0.8974736279574521,8765472.0,2614272.0,-6151200.0,0.2982465747423527,8765472.0,9987072.0,1221600.0,1.1393649993976365,1.0,0.010416666666666666,1.0,0.010416666666666666,3.3956941115210594e-17,1.4552974763661683e-17
synthetic,heldout_balanced_moderate,problem_seed:110,110,9110,1,1,1,30.0,15.0,-15.0,0.5,0.06714070006273687,0.09176499996101484,0.024624299898277968,1.366756674792917,7535232.0,3844512.0,-3690720.0,0.5102048616419508,7535232.0,11217312.0,3682080.0,1.4886485246904142,1.0,0.010416666666666666,1.0,0.010416666666666666,6.204660638903184e-18,4.136440425935456e-18
synthetic,heldout_balanced_moderate,problem_seed:111,111,9111,1,1,1,35.0,10.0,-25.0,0.2857142857142857,0.06573069997830316,0.04891099996166304,-0.016819700016640127,0.7441119595228396,8765472.0,2614272.0,-6151200.0,0.2982465747423527,8765472.0,9987072.0,1221600.0,1.1393649993976365,1.0,0.010416666666666666,1.0,0.010416666666666666,0.0,0.0
synthetic,heldout_balanced_strong,problem_seed:100,100,9100,1,1,1,120.0,45.0,-75.0,0.375,0.22941069985972717,0.2224494001129642,-0.006961299746762961,0.9696557320516461,29679552.0,11225952.0,-18453600.0,0.3782385933588216,29679552.0,18598752.0,-11080800.0,0.6266520464998933,1.0,0.010416666666666666,1.0,0.010416666666666666,1.2761722156157086e-09,0.0
synthetic,heldout_balanced_strong,problem_seed:101,101,9101,1,1,1,130.0,40.0,-90.0,0.3076923076923077,0.24985799985006452,0.20858620008220896,-0.041271799767855555,0.8348189780090209,32140032.0,9995712.0,-22144320.0,0.3110050419364859,32140032.0,17368512.0,-14771520.0,0.5404012043298526,1.0,0.010416666666666666,1.0,0.010416666666666666,7.2464450231776806e-09,0.0
synthetic,heldout_balanced_strong,problem_seed:102,102,9102,1,1,1,110.0,35.0,-75.0,0.3181818181818182,0.23409909976180643,0.2370008999714628,0.0029018002096563578,1.0123956060173187,27219072.0,8765472.0,-18453600.0,0.32203419719819987,27219072.0,16138272.0,-11080800.0,0.5929030938306787,1.0,0.010416666666666666,1.0,0.010416666666666666,5.488744826593478e-10,3.615967115630143e-18
synthetic,heldout_balanced_strong,problem_seed:103,103,9103,1,1,1,125.0,40.0,-85.0,0.32,0.2801489999401383,0.21342419990105554,-0.06672480003908277,0.7618238863842441,30909792.0,9995712.0,-20914080.0,0.3233833472577234,30909792.0,17368512.0,-13541280.0,0.5619097016246503,1.0,0.010416666666666666,1.0,0.010416666666666666,2.115059256679152e-09,0.0
synthetic,heldout_balanced_strong,problem_seed:104,104,9104,1,1,1,110.0,40.0,-70.0,0.36363636363636365,0.22770479990867898,0.21394180011702701,-0.013762999791651964,0.9395577089408234,27219072.0,9995712.0,-17223360.0,0.3672319173849865,27219072.0,17368512.0,-9850560.0,0.6381008140174654,1.0,0.010416666666666666,1.0,0.010416666666666666,4.3344962233625656e-10,1.1244365340014757e-18
synthetic,heldout_balanced_strong,problem_seed:105,105,9105,1,1,1,140.0,40.0,-100.0,0.2857142857142857,0.32161170011386275,0.19789410009980202,-0.12371760001406074,0.6153199651310571,34600512.0,9995712.0,-24604800.0,0.2888891355133704,34600512.0,17368512.0,-17232000.0,0.5019726875717908,1.0,0.010416666666666666,1.0,0.010416666666666666,1.1528018489072633e-08,1.6934264048285353e-17
synthetic,heldout_balanced_strong,problem_seed:106,106,9106,1,1,1,125.0,40.0,-85.0,0.32,0.2489373998832889,0.20982659998117015,-0.03911079990211874,0.8428890157908963,30909792.0,9995712.0,-20914080.0,0.3233833472577234,30909792.0,17368512.0,-13541280.0,0.5619097016246503,1.0,0.010416666666666666,1.0,0.010416666666666666,4.359555314230054e-09,6.0741278626306e-17
synthetic,heldout_balanced_strong,problem_seed:107,107,9107,1,1,1,125.0,40.0,-85.0,0.32,0.31112589983968064,0.21840160008287057,-0.09272429975681007,0.7019717747555257,30909792.0,9995712.0,-20914080.0,0.3233833472577234,30909792.0,17368512.0,-13541280.0,0.5619097016246503,1.0,0.010416666666666666,1.0,0.010416666666666666,4.354667732798894e-09,0.0
synthetic,heldout_balanced_strong,problem_seed:108,108,9108,1,1,1,115.0,35.0,-80.0,0.30434782608695654,0.24966899992432445,0.1978420001687482,-0.05182699975557625,0.7924171612363361,28449312.0,8765472.0,-19683840.0,0.30810839995005856,28449312.0,16138272.0,-12311040.0,0.5672640519391119,1.0,0.010416666666666666,1.0,0.010416666666666666,1.3234057197337885e-09,6.760457328984066e-18
synthetic,heldout_balanced_strong,problem_seed:109,109,9109,1,1,1,140.0,40.0,-100.0,0.2857142857142857,0.2869824997615069,0.2070672000409104,-0.07991529972059652,0.7215324983683357,34600512.0,9995712.0,-24604800.0,0.2888891355133704,34600512.0,17368512.0,-17232000.0,0.5019726875717908,1.0,0.010416666666666666,1.0,0.010416666666666666,1.547279970181639e-08,0.0
synthetic,heldout_balanced_strong,problem_seed:110,110,9110,1,1,1,115.0,40.0,-75.0,0.34782608695652173,0.2451503999182023,0.2169753999914974,-0.028174999926704913,0.8850705528683377,28449312.0,9995712.0,-18453600.0,0.3513516249531799,28449312.0,17368512.0,-11080800.0,0.6105072769422333,1.0,0.010416666666666666,1.0,0.010416666666666666,1.2311011050714397e-09,0.0
synthetic,heldout_balanced_strong,problem_seed:111,111,9111,1,1,1,115.0,35.0,-80.0,0.30434782608695654,0.22649689990794286,0.19863250001799315,-0.02786439988994971,0.8769766831189527,28449312.0,8765472.0,-19683840.0,0.30810839995005856,28449312.0,16138272.0,-12311040.0,0.5672640519391119,1.0,0.010416666666666666,1.0,0.010416666666666666,9.144416450238169e-10,0.0
synthetic,heldout_scaled_moderate,problem_seed:100,100,9100,1,1,1,35.0,45.0,10.0,1.2857142857142858,0.07434219983406365,0.2561686000553891,0.18182640022132546,3.4458033341382572,8765472.0,11225952.0,2460480.0,1.280701370103059,8765472.0,18598752.0,9833280.0,2.1218197947583426,1.0,0.010416666666666666,1.0,0.010416666666666666,1.559183480385733e-19,2.1686186951073122e-10
synthetic,heldout_scaled_moderate,problem_seed:101,101,9101,1,1,1,30.0,35.0,5.0,1.1666666666666667,0.06404259987175465,0.16991309996228665,0.105870500090532,2.6531262050968847,7535232.0,8765472.0,1230240.0,1.1632650461193497,7535232.0,16138272.0,8603040.0,2.1417087091678133,1.0,0.010416666666666666,1.0,0.010416666666666666,0.0,4.330886519822407e-11
synthetic,heldout_scaled_moderate,problem_seed:102,102,9102,1,1,1,35.0,50.0,15.0,1.4285714285714286,0.10131160006858408,0.28491700009908527,0.1836054000305012,2.8122840810549565,8765472.0,12456192.0,3690720.0,1.4210520551545884,8765472.0,19828992.0,11063520.0,2.262170479809872,1.0,0.010416666666666666,1.0,0.010416666666666666,0.0,7.578693397218162e-11
synthetic,heldout_scaled_moderate,problem_seed:103,103,9103,1,1,1,35.0,65.0,30.0,1.8571428571428572,0.09838420001324266,0.44186330010415986,0.3434791000909172,4.491201839773911,8765472.0,16146912.0,7381440.0,1.8421041103091766,8765472.0,23519712.0,14754240.0,2.6832225349644605,1.0,0.010416666666666666,1.0,0.010416666666666666,0.0,4.043099483154105e-10
synthetic,heldout_scaled_moderate,problem_seed:104,104,9104,1,1,1,30.0,45.0,15.0,1.5,0.0741559001035057,0.2248943999875337,0.150738499884028,3.032724296699648,7535232.0,11225952.0,3690720.0,1.4897951383580492,7535232.0,18598752.0,11063520.0,2.4682388014065126,1.0,0.010416666666666666,1.0,0.010416666666666666,1.3674364297350942e-19,1.2073166207118385e-10
synthetic,heldout_scaled_moderate,problem_seed:105,105,9105,1,1,1,35.0,55.0,20.0,1.5714285714285714,0.07440500007942319,0.35651220014551654,0.28210720006609336,4.791508632013435,8765472.0,13686432.0,4920960.0,1.561402740206118,8765472.0,21059232.0,12293760.0,2.4025211648614015,1.0,0.010416666666666666,1.0,0.010416666666666666,0.0,2.345075783721379e-10
synthetic,heldout_scaled_moderate,problem_seed:106,106,9106,1,1,1,30.0,45.0,15.0,1.5,0.06834430020535365,0.3086003997595981,0.24025609955424443,4.515378734325299,7535232.0,11225952.0,3690720.0,1.4897951383580492,7535232.0,18598752.0,11063520.0,2.4682388014065126,1.0,0.010416666666666666,1.0,0.010416666666666666,6.907335471475029e-19,2.356244809063394e-11
synthetic,heldout_scaled_moderate,problem_seed:107,107,9107,1,1,1,30.0,50.0,20.0,1.6666666666666667,0.06062599999131635,0.24440720007987693,0.18378120008856058,4.031392473771717,7535232.0,12456192.0,4920960.0,1.6530601844773989,7535232.0,19828992.0,12293760.0,2.6315038475258623,1.0,0.010416666666666666,1.0,0.010416666666666666,1.8294662847048974e-19,1.0883667547000728e-10
synthetic,heldout_scaled_moderate,problem_seed:108,108,9108,1,1,1,35.0,40.0,5.0,1.1428571428571428,0.07657750003272668,0.18800199998077005,0.11142449994804338,2.455055334797091,8765472.0,9995712.0,1230240.0,1.1403506850515295,8765472.0,17368512.0,8603040.0,1.9814691097068133,1.0,0.010416666666666666,1.0,0.010416666666666666,1.5125590238083006e-18,1.4003100460224264e-10
synthetic,heldout_scaled_moderate,problem_seed:109,109,9109,1,1,1,35.0,35.0,0.0,1.0,0.06813710008282214,0.18557400006102398,0.11743689997820184,2.7235382755569977,8765472.0,8765472.0,0.0,1.0,8765472.0,16138272.0,7372800.0,1.8411184246552839,1.0,0.010416666666666666,1.0,0.010416666666666666,9.476025014555362e-19,3.278256070540883e-11
synthetic,heldout_scaled_moderate,problem_seed:110,110,9110,1,1,1,35.0,50.0,15.0,1.4285714285714286,0.06853720010258257,0.25224460003664717,0.1837073999340646,3.680404213465123,8765472.0,12456192.0,3690720.0,1.4210520551545884,8765472.0,19828992.0,11063520.0,2.262170479809872,1.0,0.010416666666666666,1.0,0.010416666666666666,5.905864554912513e-19,9.715224200761908e-11
synthetic,heldout_scaled_moderate,problem_seed:111,111,9111,1,1,1,35.0,35.0,0.0,1.0,0.0759759999345988,0.17991339997388422,0.10393740003928542,2.368029379392916,8765472.0,8765472.0,0.0,1.0,8765472.0,16138272.0,7372800.0,1.8411184246552839,1.0,0.010416666666666666,1.0,0.010416666666666666,2.575231909346074e-19,3.610524396797568e-11
synthetic,heldout_scaled_strong,problem_seed:100,100,9100,1,0,0,140.0,,,,0.32883110019611195,,,,34600512.0,,,,34600512.0,,,,1.0,0.010416666666666666,1.0,0.010416666666666666,8.848146048980838e-09,1.1085902775688996e-06
synthetic,heldout_scaled_strong,problem_seed:101,101,9101,1,1,1,105.0,90.0,-15.0,0.8571428571428571,0.2006272998987697,0.44673129997681826,0.24610400007804856,2.2266725425813187,25988832.0,22298112.0,-3690720.0,0.8579882312525626,25988832.0,29670912.0,3682080.0,1.1416793182548566,1.0,0.010416666666666666,1.0,0.010416666666666666,6.590666613201586e-10,1.8609652254931478e-07
synthetic,heldout_scaled_strong,problem_seed:102,102,9102,1,1,1,125.0,190.0,65.0,1.52,0.24452960008056834,0.9221598998410627,0.6776302997604944,3.7711585817718047,30909792.0,46902912.0,15993120.0,1.5174127344499762,30909792.0,54275712.0,23365920.0,1.755939088816903,1.0,0.010416666666666666,1.0,0.010416666666666666,2.634855661932968e-09,9.337304249295568e-07
synthetic,heldout_scaled_strong,problem_seed:103,103,9103,1,0,0,115.0,,,,0.23019839986227453,,,,28449312.0,,,,28449312.0,,,,1.0,0.010416666666666666,1.0,0.010416666666666666,1.5986338856358336e-09,2.463862615279206e-06
synthetic,heldout_scaled_strong,problem_seed:104,104,9104,1,1,1,135.0,175.0,40.0,1.2962962962962963,0.27762770000845194,0.8682653998257592,0.5906376998173073,3.1274451353352934,33370272.0,43212192.0,9841920.0,1.2949307695184504,33370272.0,50584992.0,17214720.0,1.5158699335744101,1.0,0.010416666666666666,1.0,0.010416666666666666,8.433287168932814e-09,7.085510989103363e-07
synthetic,heldout_scaled_strong,problem_seed:105,105,9105,1,1,1,135.0,170.0,35.0,1.2592592592592593,0.2606577000115067,0.8227916000178084,0.5621339000063017,3.156598097740778,33370272.0,41981952.0,8611680.0,1.2580644233286442,33370272.0,49354752.0,15984480.0,1.479003587384604,1.0,0.010416666666666666,1.0,0.010416666666666666,6.185794094363076e-09,6.81879931776357e-07
synthetic,heldout_scaled_strong,problem_seed:106,106,9106,1,0,0,125.0,,,,0.2513999998336658,,,,30909792.0,,,,30909792.0,,,,1.0,0.010416666666666666,1.0,0.010416666666666666,3.069324029285605e-09,1.0184900214415998e-06
synthetic,heldout_scaled_strong,problem_seed:107,107,9107,1,1,1,125.0,160.0,35.0,1.28,0.25993289990583435,0.8163452999433503,0.5564124000375159,3.1406001327230486,30909792.0,39521472.0,8611680.0,1.2786068570115257,30909792.0,46894272.0,15984480.0,1.5171332113784526,1.0,0.010416666666666666,1.0,0.010416666666666666,4.220501126298908e-09,4.952448898249722e-07
synthetic,heldout_scaled_strong,problem_seed:108,108,9108,1,1,1,125.0,110.0,-15.0,0.88,0.2566476999199949,0.5573125999071635,0.3006648999871686,2.1715082585228513,30909792.0,27219072.0,-3690720.0,0.8805970612807748,30909792.0,34591872.0,3682080.0,1.1191234156477015,1.0,0.010416666666666666,1.0,0.010416666666666666,2.4518853058793773e-09,2.7605930637142254e-07
synthetic,heldout_scaled_strong,problem_seed:109,109,9109,1,1,1,115.0,140.0,25.0,1.2173913043478262,0.23211269994499162,0.6387912000063807,0.40667850006138906,2.7520734546527086,28449312.0,34600512.0,6151200.0,1.2162161250156067,28449312.0,41973312.0,13524000.0,1.4753717770046602,1.0,0.010416666666666666,1.0,0.010416666666666666,2.126121410191528e-09,3.5668572108618215e-07
synthetic,heldout_scaled_strong,problem_seed:110,110,9110,1,1,1,125.0,165.0,40.0,1.32,0.2439940000185743,0.8091343999258243,0.56514039990725,3.3162061356600083,30909792.0,40751712.0,9841920.0,1.3184078365846008,30909792.0,48124512.0,17214720.0,1.5569341909515275,1.0,0.010416666666666666,1.0,0.010416666666666666,3.668749271964327e-09,6.037856401953822e-07
synthetic,heldout_scaled_strong,problem_seed:111,111,9111,1,1,1,105.0,85.0,-20.0,0.8095238095238095,0.21526740002445877,0.4268973998259753,0.21162999980151653,1.9831028747384465,25988832.0,21067872.0,-4920960.0,0.8106509750034169,25988832.0,28440672.0,2451840.0,1.0943420620057107,1.0,0.010416666666666666,1.0,0.010416666666666666,3.5917531848822944e-10,1.905440294043738e-07
real,california_housing,algorithm_seed:9100,,9100,1,1,1,100.0,25.0,-75.0,0.25,0.02173870021943003,0.005903999961446971,-0.01583470025798306,0.2715893729547814,26724208.0,6879208.0,-19845000.0,0.2574148502361604,26724208.0,7935976.0,-18788232.0,0.2969583233299187,1.0,0.125,1.0,0.125,2.2694543161127782e-10,0.0
real,california_housing,algorithm_seed:9101,,9101,1,1,1,125.0,25.0,-100.0,0.2,0.02676260005682707,0.007986999989952892,-0.018775600066874176,0.29843886516980733,33339208.0,6879208.0,-26460000.0,0.20633987466048984,33339208.0,7935976.0,-25403232.0,0.23803732830126018,1.0,0.125,1.0,0.125,4.444061001632789e-10,0.0
real,california_housing,algorithm_seed:9102,,9102,1,1,1,100.0,25.0,-75.0,0.25,0.026611900015268475,0.007688400044571608,-0.018923499970696867,0.28890834702371565,26724208.0,6879208.0,-19845000.0,0.2574148502361604,26724208.0,7935976.0,-18788232.0,0.2969583233299187,1.0,0.125,1.0,0.125,7.257260124343356e-11,0.0
real,california_housing,algorithm_seed:9103,,9103,1,1,1,100.0,25.0,-75.0,0.25,0.02181110018864274,0.005118100089021027,-0.016693000099621713,0.23465575073035855,26724208.0,6879208.0,-19845000.0,0.2574148502361604,26724208.0,7935976.0,-18788232.0,0.2969583233299187,1.0,0.125,1.0,0.125,1.343263058971071e-10,0.0
real,california_housing,algorithm_seed:9104,,9104,1,1,1,110.0,25.0,-85.0,0.22727272727272727,0.024460500048007816,0.004993900016415864,-0.019466600031591952,0.20416181217123533,29370208.0,6879208.0,-22491000.0,0.23422401366718273,29370208.0,7935976.0,-21434232.0,0.2702049641596001,1.0,0.125,1.0,0.125,8.729142691363144e-11,0.0
real,california_housing,algorithm_seed:9105,,9105,1,1,1,110.0,25.0,-85.0,0.22727272727272727,0.027191899891477078,0.005193300079554319,-0.02199859981192276,0.19098702555837546,29370208.0,6879208.0,-22491000.0,0.23422401366718273,29370208.0,7935976.0,-21434232.0,0.2702049641596001,1.0,0.125,1.0,0.125,1.3810026333334076e-10,0.0
real,california_housing,algorithm_seed:9106,,9106,1,1,1,95.0,25.0,-70.0,0.2631578947368421,0.02359500009333715,0.0050005000084638596,-0.01859450008487329,0.2119304932690346,25401208.0,6879208.0,-18522000.0,0.2708220805876634,25401208.0,7935976.0,-17465232.0,0.312425141355482,1.0,0.125,1.0,0.125,3.887514087592559e-11,0.0
real,california_housing,algorithm_seed:9107,,9107,1,1,1,120.0,25.0,-95.0,0.20833333333333334,0.028551500057801604,0.005121800058986992,-0.023429699998814613,0.1793881249187633,32016208.0,6879208.0,-25137000.0,0.21486642015818988,32016208.0,7935976.0,-24080232.0,0.24787370196995223,1.0,0.125,1.0,0.125,7.95842576501832e-10,0.0
real,california_housing,algorithm_seed:9108,,9108,1,1,1,125.0,25.0,-100.0,0.2,0.02957559993956238,0.005345500074326992,-0.02423009986523539,0.18074020764584658,33339208.0,6879208.0,-26460000.0,0.20633987466048984,33339208.0,7935976.0,-25403232.0,0.23803732830126018,1.0,0.125,1.0,0.125,7.922558914448346e-10,0.0
real,california_housing,algorithm_seed:9109,,9109,1,1,1,115.0,25.0,-90.0,0.21739130434782608,0.03145519969984889,0.005119900102727115,-0.026335299597121775,0.1627680050224482,30693208.0,6879208.0,-23814000.0,0.22412802206924737,30693208.0,7935976.0,-22757232.0,0.2585580497157547,1.0,0.125,1.0,0.125,3.2270237162131933e-10,0.0
real,california_housing,algorithm_seed:9110,,9110,1,1,1,110.0,25.0,-85.0,0.22727272727272727,0.02757180016487837,0.005414000013843179,-0.02215780015103519,0.1963600483634603,29370208.0,6879208.0,-22491000.0,0.23422401366718273,29370208.0,7935976.0,-21434232.0,0.2702049641596001,1.0,0.125,1.0,0.125,2.7941303130835667e-10,0.0
real,california_housing,algorithm_seed:9111,,9111,1,1,1,115.0,25.0,-90.0,0.21739130434782608,0.02031999995233491,0.009553899988532066,-0.010766099963802844,0.47017224463301516,30693208.0,6879208.0,-23814000.0,0.22412802206924737,30693208.0,7935976.0,-22757232.0,0.2585580497157547,1.0,0.125,1.0,0.125,1.6926198646079108e-10,0.0
real,concrete_compressive_strength,algorithm_seed:9100,,9100,1,1,1,155.0,60.0,-95.0,0.3870967741935484,0.021957700024358928,0.007920400006696582,-0.014037300017662346,0.3607117320079075,2119960.0,828720.0,-1291240.0,0.39091303609502065,2119960.0,881456.0,-1238504.0,0.4157889771505123,1.0,0.125,1.0,0.125,3.162764001328033e-08,0.0
real,concrete_compressive_strength,algorithm_seed:9101,,9101,1,1,1,145.0,60.0,-85.0,0.41379310344827586,0.020944399875588715,0.007944800017867237,-0.012999599857721478,0.37932812900154395,1984040.0,828720.0,-1155320.0,0.4176931916695228,1984040.0,881456.0,-1102584.0,0.4442733009415133,1.0,0.125,1.0,0.125,2.3915495597030963e-08,0.0
real,concrete_compressive_strength,algorithm_seed:9102,,9102,1,1,1,135.0,60.0,-75.0,0.4444444444444444,0.023115200106985867,0.008557600085623562,-0.014557600021362305,0.37021527159686096,1848120.0,828720.0,-1019400.0,0.4484124407506006,1848120.0,881456.0,-966664.0,0.4769473843689804,1.0,0.125,1.0,0.125,2.0598183308406753e-08,0.0
real,concrete_compressive_strength,algorithm_seed:9103,,9103,1,1,1,150.0,60.0,-90.0,0.4,0.02241230010986328,0.008437899989075959,-0.013974400120787323,0.3764852312218762,2052000.0,828720.0,-1223280.0,0.40385964912280703,2052000.0,881456.0,-1170544.0,0.42955945419103314,1.0,0.125,1.0,0.125,3.8632763882923354e-08,0.0
real,concrete_compressive_strength,algorithm_seed:9104,,9104,1,1,1,145.0,60.0,-85.0,0.41379310344827586,0.01963979989523068,0.010740099882241338,-0.008899700012989342,0.546853834536749,1984040.0,828720.0,-1155320.0,0.4176931916695228,1984040.0,881456.0,-1102584.0,0.4442733009415133,1.0,0.125,1.0,0.125,2.1767920339854468e-08,0.0
real,concrete_compressive_strength,algorithm_seed:9105,,9105,1,1,1,170.0,60.0,-110.0,0.35294117647058826,0.020221900020260364,0.008204500016290694,-0.01201740000396967,0.4057234981910992,2323840.0,828720.0,-1495120.0,0.3566166345359405,2323840.0,881456.0,-1442384.0,0.3793101074084274,1.0,0.125,1.0,0.125,1.4297747937601644e-07,0.0
real,concrete_compressive_strength,algorithm_seed:9106,,9106,1,1,1,170.0,60.0,-110.0,0.35294117647058826,0.02636990003520623,0.008099300030153245,-0.018270600005052984,0.3071418556513274,2323840.0,828720.0,-1495120.0,0.3566166345359405,2323840.0,881456.0,-1442384.0,0.3793101074084274,1.0,0.125,1.0,0.125,1.2693954914116583e-07,0.0
real,concrete_compressive_strength,algorithm_seed:9107,,9107,1,1,1,140.0,60.0,-80.0,0.42857142857142855,0.019795500091277063,0.009864099964033812,-0.00993140012724325,0.4983001145992999,1916080.0,828720.0,-1087360.0,0.43250803724270387,1916080.0,881456.0,-1034624.0,0.4600308964135109,1.0,0.125,1.0,0.125,1.7857938294168637e-08,0.0
real,concrete_compressive_strength,algorithm_seed:9108,,9108,1,1,1,140.0,60.0,-80.0,0.42857142857142855,0.02198019973002374,0.008262300048954785,-0.013717899681068957,0.37589740541205996,1916080.0,828720.0,-1087360.0,0.43250803724270387,1916080.0,881456.0,-1034624.0,0.4600308964135109,1.0,0.125,1.0,0.125,2.857084474217529e-08,0.0
real,concrete_compressive_strength,algorithm_seed:9109,,9109,1,1,1,145.0,60.0,-85.0,0.41379310344827586,0.022182999877259135,0.008004400064237416,-0.01417859981302172,0.36083487844415096,1984040.0,828720.0,-1155320.0,0.4176931916695228,1984040.0,881456.0,-1102584.0,0.4442733009415133,1.0,0.125,1.0,0.125,3.0679171949669516e-08,0.0
real,concrete_compressive_strength,algorithm_seed:9110,,9110,1,1,1,125.0,60.0,-65.0,0.48,0.015987600141670555,0.008523600059561431,-0.0074640000821091235,0.5331381810923121,1712200.0,828720.0,-883480.0,0.4840088774675856,1712200.0,881456.0,-830744.0,0.5148090176381264,1.0,0.125,1.0,0.125,9.289494615596537e-09,0.0
real,concrete_compressive_strength,algorithm_seed:9111,,9111,1,1,1,150.0,60.0,-90.0,0.4,0.01997339993249625,0.00808820000384003,-0.01188519992865622,0.4049485831744008,2052000.0,828720.0,-1223280.0,0.40385964912280703,2052000.0,881456.0,-1170544.0,0.42955945419103314,1.0,0.125,1.0,0.125,2.7578930329267537e-08,0.0
real,airfoil_self_noise,algorithm_seed:9100,,9100,1,1,1,30.0,15.0,-15.0,0.5,0.003251100075431168,0.0012560999603010714,-0.0019950001151300967,0.3863615179961769,377580.0,194805.0,-182775.0,0.5159303988558716,377580.0,224855.0,-152725.0,0.5955161820011653,1.0,0.2,1.0,0.2,5.63565006880259e-16,1.8785500229341964e-16
real,airfoil_self_noise,algorithm_seed:9101,,9101,1,1,1,30.0,15.0,-15.0,0.5,0.0031630999292246997,0.0012774999486282468,-0.001885599980596453,0.4038759372807333,377580.0,194805.0,-182775.0,0.5159303988558716,377580.0,224855.0,-152725.0,0.5955161820011653,1.0,0.2,1.0,0.2,5.63565006880259e-16,1.8785500229341964e-16
real,airfoil_self_noise,algorithm_seed:9102,,9102,1,1,1,40.0,15.0,-25.0,0.375,0.003016200033016503,0.0015348000451922417,-0.0014813999878242612,0.508852207543174,499430.0,194805.0,-304625.0,0.39005466231503916,499430.0,224855.0,-274575.0,0.45022325451014156,1.0,0.2,1.0,0.2,1.8785500229341964e-16,1.8785500229341964e-16
real,airfoil_self_noise,algorithm_seed:9103,,9103,1,1,1,30.0,15.0,-15.0,0.5,0.0022343999589793384,0.0014794000308029354,-0.000754999928176403,0.6621017087194708,377580.0,194805.0,-182775.0,0.5159303988558716,377580.0,224855.0,-152725.0,0.5955161820011653,1.0,0.2,1.0,0.2,1.8785500229341964e-16,1.8785500229341964e-16
real,airfoil_self_noise,algorithm_seed:9104,,9104,1,1,1,30.0,15.0,-15.0,0.5,0.003401499940082431,0.0012956999707967043,-0.0021057999692857265,0.3809201803970353,377580.0,194805.0,-182775.0,0.5159303988558716,377580.0,224855.0,-152725.0,0.5955161820011653,1.0,0.2,1.0,0.2,0.0,1.8785500229341964e-16
real,airfoil_self_noise,algorithm_seed:9105,,9105,1,1,1,35.0,15.0,-20.0,0.42857142857142855,0.003898500115610659,0.0013488000840879977,-0.0025497000315226614,0.34597923408724135,438505.0,194805.0,-243700.0,0.4442480701474327,438505.0,224855.0,-213650.0,0.5127763651497702,1.0,0.2,1.0,0.2,0.0,1.8785500229341964e-16
real,airfoil_self_noise,algorithm_seed:9106,,9106,1,1,1,30.0,15.0,-15.0,0.5,0.0024499998544342816,0.0012680001091212034,-0.0011819997453130782,0.5175510956975105,377580.0,194805.0,-182775.0,0.5159303988558716,377580.0,224855.0,-152725.0,0.5955161820011653,1.0,0.2,1.0,0.2,1.8785500229341964e-16,1.8785500229341964e-16
real,airfoil_self_noise,algorithm_seed:9107,,9107,1,1,1,25.0,15.0,-10.0,0.6,0.00186850008321926,0.0013160999515093863,-0.0005524001317098737,0.7043617302076127,316655.0,194805.0,-121850.0,0.6151963493391862,316655.0,224855.0,-91800.0,0.7100945824319843,1.0,0.2,1.0,0.2,0.0,1.8785500229341964e-16
real,airfoil_self_noise,algorithm_seed:9108,,9108,1,1,1,40.0,15.0,-25.0,0.375,0.0038523999974131584,0.0012881000293418765,-0.002564299968071282,0.3343630023379765,499430.0,194805.0,-304625.0,0.39005466231503916,499430.0,224855.0,-274575.0,0.45022325451014156,1.0,0.2,1.0,0.2,0.0,1.8785500229341964e-16
real,airfoil_self_noise,algorithm_seed:9109,,9109,1,1,1,25.0,15.0,-10.0,0.6,0.0019361000158824027,0.0012657999177463353,-0.0006703000981360674,0.6537884961327427,316655.0,194805.0,-121850.0,0.6151963493391862,316655.0,224855.0,-91800.0,0.7100945824319843,1.0,0.2,1.0,0.2,1.8785500229341964e-16,1.8785500229341964e-16
real,airfoil_self_noise,algorithm_seed:9110,,9110,1,1,1,25.0,15.0,-10.0,0.6,0.001900099974591285,0.0012608999386429787,-0.0006392000359483063,0.6635966293900933,316655.0,194805.0,-121850.0,0.6151963493391862,316655.0,224855.0,-91800.0,0.7100945824319843,1.0,0.2,1.0,0.2,1.8785500229341964e-16,1.8785500229341964e-16
real,airfoil_self_noise,algorithm_seed:9111,,9111,1,1,1,30.0,15.0,-15.0,0.5,0.004875500046182424,0.003284499980509281,-0.0015910000656731427,0.6736744845446335,377580.0,194805.0,-182775.0,0.5159303988558716,377580.0,224855.0,-152725.0,0.5955161820011653,1.0,0.2,1.0,0.2,0.0,1.8785500229341964e-16
real,residential_building,algorithm_seed:9100,,9100,0,0,0,,,,,,,,,,,,,,,,,1.0,0.009345794392523364,1.0,0.009345794392523364,0.00036023767386533497,7.448210767160465e-05
real,residential_building,algorithm_seed:9101,,9101,0,0,0,,,,,,,,,,,,,,,,,1.0,0.009345794392523364,1.0,0.009345794392523364,0.0003655477637875567,7.448210767160465e-05
real,residential_building,algorithm_seed:9102,,9102,0,0,0,,,,,,,,,,,,,,,,,1.0,0.009345794392523364,1.0,0.009345794392523364,0.0004033596999379983,7.448210767160465e-05
real,residential_building,algorithm_seed:9103,,9103,0,0,0,,,,,,,,,,,,,,,,,1.0,0.009345794392523364,1.0,0.009345794392523364,0.0003793539360633844,7.448210767160465e-05
real,residential_building,algorithm_seed:9104,,9104,0,0,0,,,,,,,,,,,,,,,,,1.0,0.009345794392523364,1.0,0.009345794392523364,0.0003365521240792265,7.448210767160465e-05
real,residential_building,algorithm_seed:9105,,9105,0,0,0,,,,,,,,,,,,,,,,,1.0,0.009345794392523364,1.0,0.009345794392523364,0.0003752862919859635,7.448210767160465e-05
real,residential_building,algorithm_seed:9106,,9106,0,0,0,,,,,,,,,,,,,,,,,1.0,0.009345794392523364,1.0,0.009345794392523364,0.00038766307820533344,7.448210767160465e-05
real,residential_building,algorithm_seed:9107,,9107,0,0,0,,,,,,,,,,,,,,,,,1.0,0.009345794392523364,1.0,0.009345794392523364,0.00034703497557075355,7.448210767160465e-05
real,residential_building,algorithm_seed:9108,,9108,0,0,0,,,,,,,,,,,,,,,,,1.0,0.009345794392523364,1.0,0.009345794392523364,0.0003418628439151726,7.448210767160465e-05
real,residential_building,algorithm_seed:9109,,9109,0,0,0,,,,,,,,,,,,,,,,,1.0,0.009345794392523364,1.0,0.009345794392523364,0.00036239480861568774,7.448210767160465e-05
real,residential_building,algorithm_seed:9110,,9110,0,0,0,,,,,,,,,,,,,,,,,1.0,0.009345794392523364,1.0,0.009345794392523364,0.0003906385503180111,7.448210767160465e-05
real,residential_building,algorithm_seed:9111,,9111,0,0,0,,,,,,,,,,,,,,,,,1.0,0.009345794392523364,1.0,0.009345794392523364,0.0003725095787438094,7.448210767160465e-05
